"Time (s)","Latitude (°)","Longitude (°)","Altitude (m)","Altitude WGS84 (m)","Speed (m/s)","Direction (°)","Distance (km)","Horizontal Accuracy (m)","Vertical Accuracy (m)","Satellites"
3.647062300E-2,6.505782420E1,2.560776060E1,NaN,NaN,NaN,NaN,2.858907996E-1,1.200000000E3,0.000000000E0,-1.000000000E0
2.180096806E0,6.505538677E1,2.560582052E1,6.990399488E1,8.739229322E1,NaN,NaN,2.871626858E-1,4.800000000E1,8.932572174E1,6.000000000E0
3.253807998E0,6.505539751E1,2.560581120E1,7.086003716E1,8.834833764E1,1.036998153E0,1.954000397E2,2.878235361E-1,1.200000000E1,1.848299026E1,1.000000000E1
4.211285305E0,6.505539174E1,2.560581456E1,7.173494587E1,8.922324507E1,1.357963324E0,1.832596130E2,2.967636139E-1,3.200000000E1,6.089237595E1,9.000000000E0
5.287567458E0,6.505531487E1,2.560575869E1,4.616470236E1,6.365297619E1,1.364751458E0,4.011771679E0,2.994558321E-1,6.000000000E0,9.587369919E0,1.000000000E1
6.239250380E0,6.505533515E1,2.560579004E1,4.007804203E1,5.756632393E1,0.000000000E0,NaN,3.002635097E-1,1.200000000E1,1.213009262E1,1.100000000E1
7.221516995E0,6.505533585E1,2.560577290E1,3.661043812E1,5.409871879E1,0.000000000E0,NaN,3.079939258E-1,1.200000000E1,1.152274323E1,1.000000000E1
8.064542840E0,6.505537522E1,2.560563704E1,3.296925354E1,5.045753370E1,0.000000000E0,NaN,3.100476173E-1,1.200000000E1,1.107021999E1,1.400000000E1
9.060815340E0,6.505536779E1,2.560567713E1,3.198359521E1,4.947187665E1,0.000000000E0,NaN,3.113081664E-1,1.200000000E1,1.096987629E1,1.500000000E1
1.006486515E1,6.505535954E1,2.560565871E1,3.132354677E1,4.881182446E1,0.000000000E0,NaN,3.124406982E-1,1.200000000E1,1.066012287E1,1.700000000E1
1.109985807E1,6.505535312E1,2.560563997E1,3.203886515E1,4.952713957E1,0.000000000E0,NaN,3.135580695E-1,1.200000000E1,1.047314262E1,1.800000000E1
1.209251791E1,6.505534307E1,2.560563971E1,3.153502381E1,4.902329549E1,0.000000000E0,NaN,3.150575910E-1,1.200000000E1,1.030819321E1,2.100000000E1
1.308511791E1,6.505533442E1,2.560566426E1,3.135496481E1,4.884323617E1,0.000000000E0,NaN,3.163437516E-1,1.200000000E1,1.001854706E1,2.300000000E1
1.409521180E1,6.505532506E1,2.560568037E1,3.104956492E1,4.853783507E1,0.000000000E0,NaN,3.174783271E-1,8.000000000E0,9.708615303E0,2.300000000E1
1.509979253E1,6.505532220E1,2.560570360E1,3.010128098E1,4.758955227E1,0.000000000E0,NaN,3.182286246E-1,8.000000000E0,9.305670738E0,2.500000000E1
1.609889176E1,6.505531666E1,2.560571273E1,3.048196329E1,4.797023383E1,0.000000000E0,NaN,3.185837163E-1,8.000000000E0,8.910427094E0,2.700000000E1
1.708953149E1,6.505531540E1,2.560571968E1,3.112771640E1,4.861598718E1,0.000000000E0,NaN,3.193011196E-1,8.000000000E0,8.533285141E0,2.700000000E1
1.809711245E1,6.505530953E1,2.560571328E1,3.201558707E1,4.950385573E1,0.000000000E0,NaN,3.197743511E-1,8.000000000E0,8.226859093E0,2.800000000E1
1.910422160E1,6.505530877E1,2.560570335E1,3.258892485E1,5.007719249E1,0.000000000E0,NaN,3.200791372E-1,8.000000000E0,7.868124008E0,2.800000000E1
2.008838610E1,6.505530899E1,2.560569687E1,3.285494572E1,5.034321288E1,0.000000000E0,NaN,3.204155634E-1,8.000000000E0,7.546010017E0,2.700000000E1
2.109763314E1,6.505531198E1,2.560569796E1,3.300740083E1,5.049566889E1,0.000000000E0,NaN,3.207967974E-1,8.000000000E0,7.307248116E0,2.700000000E1
2.210684295E1,6.505531539E1,2.560569878E1,3.243042175E1,4.991869081E1,0.000000000E0,NaN,3.213346653E-1,8.000000000E0,7.107509613E0,2.800000000E1
2.309882814E1,6.505531121E1,2.560570454E1,3.241332036E1,4.990158876E1,0.000000000E0,NaN,3.214283598E-1,8.000000000E0,6.900501251E0,2.800000000E1
2.410920371E1,6.505531062E1,2.560570596E1,3.258902889E1,5.007729724E1,0.000000000E0,NaN,3.217947577E-1,8.000000000E0,6.751194954E0,2.900000000E1
2.510819079E1,6.505531294E1,2.560570041E1,3.275159168E1,5.023986020E1,0.000000000E0,NaN,3.234033492E-1,6.000000000E0,6.596993446E0,3.100000000E1
2.610564164E1,6.505531850E1,2.560566874E1,3.212530482E1,4.961357224E1,0.000000000E0,NaN,3.256489071E-1,6.000000000E0,6.645683765E0,3.100000000E1
2.711551317E1,6.505532774E1,2.560562617E1,3.159862699E1,4.908689342E1,0.000000000E0,NaN,3.294554268E-1,6.000000000E0,6.738498688E0,3.200000000E1
2.814430187E1,6.505534446E1,2.560555534E1,3.183786206E1,4.932612719E1,2.277766705E0,3.112808228E2,3.321934592E-1,6.000000000E0,6.787387848E0,3.300000000E1
2.911196863E1,6.505535805E1,2.560550665E1,3.116180097E1,4.865006576E1,2.910894632E0,3.009833069E2,3.358906152E-1,8.000000000E0,6.863518715E0,3.300000000E1
3.010819886E1,6.505537468E1,2.560543837E1,3.037942080E1,4.786768449E1,3.385557652E0,2.995095825E2,3.396408123E-1,8.000000000E0,6.913008690E0,3.300000000E1
3.110805413E1,6.505539009E1,2.560536725E1,3.046090915E1,4.794917117E1,3.219854593E0,3.020699463E2,3.430150568E-1,8.000000000E0,6.913348198E0,3.400000000E1
3.210682890E1,6.505540530E1,2.560530499E1,2.949364536E1,4.698190638E1,3.211268425E0,3.005097351E2,3.465971093E-1,8.000000000E0,6.995631218E0,3.400000000E1
3.313379552E1,6.505542294E1,2.560524107E1,2.887182545E1,4.636008599E1,3.494720697E0,2.986374512E2,3.504006332E-1,8.000000000E0,7.040398121E0,3.500000000E1
3.412886736E1,6.505543675E1,2.560516687E1,2.793121126E1,4.541946945E1,3.854275465E0,2.931453247E2,3.549648617E-1,8.000000000E0,7.070969582E0,3.600000000E1
3.512297182E1,6.505545661E1,2.560508169E1,2.856308116E1,4.605133773E1,3.992365360E0,2.968713989E2,3.592850542E-1,8.000000000E0,7.006320477E0,3.600000000E1
3.614559317E1,6.505547656E1,2.560500264E1,2.889655918E1,4.638481466E1,4.108781815E0,2.985372314E2,3.644824918E-1,8.000000000E0,7.057361126E0,3.700000000E1
3.715161478E1,6.505549840E1,2.560490465E1,2.867689495E1,4.616514832E1,4.120393753E0,3.042096252E2,3.702233174E-1,6.000000000E0,6.906431198E0,3.700000000E1
3.814940866E1,6.505552610E1,2.560480135E1,2.896663105E1,4.645488344E1,4.125522137E0,3.065646362E2,3.743968501E-1,6.000000000E0,6.814959526E0,3.700000000E1
3.914725086E1,6.505554999E1,2.560473270E1,2.914885493E1,4.663710817E1,4.145754814E0,3.056820679E2,3.795259551E-1,6.000000000E0,6.749881268E0,3.700000000E1
4.014276132E1,6.505557662E1,2.560464340E1,3.012256889E1,4.761082203E1,4.188550949E0,3.054996948E2,3.846859458E-1,6.000000000E0,6.676995754E0,3.800000000E1
4.115340424E1,6.505560963E1,2.560456605E1,3.035955854E1,4.784781428E1,4.213696957E0,3.064030762E2,3.891071704E-1,6.000000000E0,6.631132126E0,3.700000000E1
4.216589701E1,6.505563450E1,2.560449250E1,3.044577935E1,4.793403582E1,4.223801136E0,3.076457825E2,3.939221960E-1,6.000000000E0,6.542337894E0,3.800000000E1
4.313781678E1,6.505565913E1,2.560440806E1,3.123071950E1,4.871897573E1,4.211761475E0,3.103682861E2,3.983290832E-1,6.000000000E0,6.486165524E0,3.600000000E1
4.413617539E1,6.505568486E1,2.560433657E1,3.131337754E1,4.880163489E1,4.210012913E0,3.048665466E2,4.038246889E-1,6.000000000E0,6.377920628E0,3.800000000E1
4.514552320E1,6.505572084E1,2.560425622E1,3.285879822E1,5.034705876E1,4.233232021E0,3.084417114E2,4.084065036E-1,4.000000000E0,6.061500549E0,3.700000000E1
4.614747320E1,6.505575038E1,2.560418811E1,3.337797999E1,5.086624298E1,4.263240337E0,3.165883789E2,4.133398555E-1,4.000000000E0,5.932684898E0,3.600000000E1
4.714593981E1,6.505578073E1,2.560411139E1,3.368384042E1,5.117210537E1,4.281240940E0,3.119032288E2,4.178957489E-1,4.000000000E0,5.814891815E0,3.800000000E1
4.813415677E1,6.505580834E1,2.560403960E1,3.355180366E1,5.104007023E1,4.255004883E0,3.118203735E2,4.225891228E-1,4.000000000E0,5.692504883E0,3.900000000E1
4.913784797E1,6.505584365E1,2.560398477E1,3.447618618E1,5.196445786E1,4.278981209E0,3.211845398E2,4.270802904E-1,4.000000000E0,5.532691956E0,3.600000000E1
5.014136262E1,6.505587626E1,2.560392825E1,3.412272722E1,5.161100313E1,4.272869587E0,3.239710083E2,4.309071987E-1,4.000000000E0,5.423077106E0,3.900000000E1
5.114486539E1,6.505590431E1,2.560388097E1,3.367947403E1,5.116775370E1,4.233904839E0,3.251456909E2,4.343592543E-1,4.000000000E0,5.334493160E0,3.700000000E1
5.212939412E1,6.505593025E1,2.560384051E1,3.306777931E1,5.055606272E1,4.191133499E0,3.266821289E2,4.387047175E-1,4.000000000E0,5.283293247E0,3.800000000E1
5.315210212E1,6.505596671E1,2.560380717E1,3.277511346E1,5.026340406E1,4.178277493E0,3.387444763E2,4.427370852E-1,4.000000000E0,5.154971600E0,3.600000000E1
5.412827023E1,6.505599840E1,2.560376537E1,3.254185683E1,5.003015263E1,4.169930458E0,3.326919861E2,4.466450986E-1,4.000000000E0,5.057765961E0,3.700000000E1
5.514518688E1,6.505603101E1,2.560373431E1,3.225579846E1,4.974410059E1,4.174264431E0,3.400565796E2,4.506747950E-1,4.000000000E0,4.944129944E0,3.900000000E1
5.615434588E1,6.505606377E1,2.560369755E1,3.218017082E1,4.966847885E1,4.177493572E0,3.327417908E2,4.549079375E-1,4.000000000E0,4.827519417E0,4.000000000E1
5.714108400E1,6.505610010E1,2.560367060E1,3.197950753E1,4.946782324E1,4.191452503E0,3.420168457E2,4.593167845E-1,4.000000000E0,4.729269981E0,3.700000000E1
5.814904092E1,6.505613579E1,2.560362965E1,3.198177154E1,4.947009362E1,4.210477352E0,3.403393860E2,4.633779673E-1,4.000000000E0,4.630248547E0,3.800000000E1
5.914948023E1,6.505617025E1,2.560360096E1,3.143323228E1,4.892156139E1,4.224166393E0,3.431581421E2,4.675578825E-1,4.000000000E0,4.529623985E0,3.700000000E1
6.015361915E1,6.505620524E1,2.560356837E1,3.143486537E1,4.892320134E1,4.234724045E0,3.394872742E2,4.712427325E-1,4.000000000E0,4.439079762E0,3.700000000E1
6.114763765E1,6.505623739E1,2.560354932E1,3.091355778E1,4.840190094E1,4.233210087E0,3.451523132E2,4.753602630E-1,3.000000000E0,4.340270996E0,3.800000000E1
6.216144569E1,6.505627277E1,2.560352339E1,3.068390944E1,4.817226012E1,4.239043713E0,3.430807800E2,4.793247440E-1,3.000000000E0,4.258084297E0,3.600000000E1
6.315408342E1,6.505630671E1,2.560349750E1,3.037228505E1,4.786064285E1,4.247303486E0,3.435215149E2,4.833258888E-1,3.000000000E0,4.184945107E0,3.500000000E1
6.414196349E1,6.505634110E1,2.560347242E1,3.014567606E1,4.763404117E1,4.257723808E0,3.454596252E2,4.877136997E-1,3.000000000E0,4.129749298E0,3.800000000E1
6.514943368E1,6.505637873E1,2.560344425E1,3.052549701E1,4.801387007E1,4.272836685E0,3.431975708E2,4.920572035E-1,3.000000000E0,4.070751667E0,3.700000000E1
6.615279111E1,6.505641602E1,2.560341662E1,3.021114124E1,4.769952220E1,4.283304214E0,3.436384583E2,4.963733200E-1,3.000000000E0,4.010537624E0,3.500000000E1
6.713849257E1,6.505645167E1,2.560338020E1,3.025583461E1,4.774422230E1,4.293155193E0,3.367677917E2,5.008568056E-1,3.000000000E0,3.963552237E0,3.600000000E1
6.815153253E1,6.505648861E1,2.560334191E1,3.006967284E1,4.755806748E1,4.300837040E0,3.368408508E2,5.052200535E-1,3.000000000E0,3.895416260E0,3.900000000E1
6.914785041E1,6.505652275E1,2.560329604E1,2.992558074E1,4.741398094E1,4.303415775E0,3.307097778E2,5.095286613E-1,3.000000000E0,3.841642380E0,3.700000000E1
7.015627780E1,6.505655611E1,2.560324928E1,2.987144318E1,4.735984867E1,4.304823875E0,3.294603271E2,5.136593378E-1,3.000000000E0,3.788146973E0,3.900000000E1
7.114927822E1,6.505658515E1,2.560319435E1,3.015761573E1,4.764602466E1,4.304058075E0,3.199472961E2,5.179186289E-1,3.000000000E0,3.740092516E0,3.700000000E1
7.215255437E1,6.505661583E1,2.560313999E1,3.029241244E1,4.778082531E1,4.298709869E0,3.238313293E2,5.220991258E-1,3.000000000E0,3.687499762E0,3.800000000E1
7.315362726E1,6.505664558E1,2.560308548E1,3.023114356E1,4.771956011E1,4.275716782E0,3.182888184E2,5.262531041E-1,3.000000000E0,3.644275665E0,3.900000000E1
7.414541733E1,6.505667360E1,2.560302689E1,3.005734682E1,4.754576625E1,4.253633022E0,3.203970032E2,5.303025062E-1,3.000000000E0,3.607818842E0,3.800000000E1
7.513423272E1,6.505670057E1,2.560296885E1,3.009869664E1,4.758711871E1,4.229891300E0,3.203311157E2,5.347941439E-1,3.000000000E0,3.567319632E0,3.500000000E1
7.614627633E1,6.505673121E1,2.560290643E1,2.987335054E1,4.736177590E1,4.212435722E0,3.219687195E2,5.388896475E-1,3.000000000E0,3.512797832E0,3.500000000E1
7.715947691E1,6.505675920E1,2.560284968E1,2.981527616E1,4.730370455E1,4.197614670E0,3.202698059E2,5.429540132E-1,3.000000000E0,3.468186617E0,3.500000000E1
7.815007910E1,6.505678755E1,2.560279497E1,2.949854172E1,4.698697340E1,4.184561729E0,3.226420288E2,5.468005721E-1,3.000000000E0,3.417220831E0,3.700000000E1
7.914957606E1,6.505681437E1,2.560274316E1,2.859647897E1,4.608491376E1,4.165083408E0,3.206674805E2,5.506662248E-1,3.000000000E0,3.375950575E0,3.700000000E1
8.015092140E1,6.505684183E1,2.560269259E1,2.865750919E1,4.614594737E1,4.150129318E0,3.190520935E2,5.550106242E-1,3.000000000E0,3.338746071E0,3.600000000E1
8.113156856E1,6.505687688E1,2.560265167E1,2.867852438E1,4.616696881E1,4.158228874E0,3.315673523E2,5.594749654E-1,3.000000000E0,3.299105167E0,3.900000000E1
8.216768517E1,6.505691124E1,2.560260243E1,2.863793979E1,4.612638960E1,4.182458401E0,3.294570007E2,5.639748545E-1,3.000000000E0,3.258361578E0,3.800000000E1
8.314818436E1,6.505694748E1,2.560255973E1,2.854263604E1,4.603109228E1,4.213611126E0,3.346322632E2,5.684013994E-1,3.000000000E0,3.224776268E0,3.800000000E1
8.413972752E1,6.505698319E1,2.560251801E1,2.857822819E1,4.606669080E1,4.228851795E0,3.361378784E2,5.726070152E-1,3.000000000E0,3.209334612E0,3.700000000E1
8.513675286E1,6.505701877E1,2.560248757E1,2.890746676E1,4.639593662E1,4.224281311E0,3.408252869E2,5.771384079E-1,4.000000000E0,3.223063469E0,3.900000000E1
8.615468486E1,6.505705952E1,2.560248807E1,2.909855207E1,4.658703308E1,4.225237370E0,3.577178650E2,5.813838332E-1,4.000000000E0,3.178785801E0,4.100000000E1
8.713845140E1,6.505709769E1,2.560249002E1,2.929151619E1,4.678000778E1,4.202825069E0,7.778869152E0,5.848996695E-1,4.000000000E0,3.153679371E0,3.900000000E1
8.814097178E1,6.505712812E1,2.560251038E1,2.928278378E1,4.677128531E1,4.123223305E0,2.754894257E1,5.879351185E-1,4.000000000E0,3.150609493E0,3.800000000E1
8.914378994E1,6.505715043E1,2.560254768E1,2.947229054E1,4.696080117E1,4.045687199E0,3.505869675E1,5.923532868E-1,4.000000000E0,3.190243959E0,3.900000000E1
9.015169621E1,6.505717231E1,2.560262634E1,3.070330045E1,4.819182339E1,3.998112917E0,4.375942993E1,5.957101209E-1,4.000000000E0,3.132189989E0,3.800000000E1
9.115234936E1,6.505718920E1,2.560268567E1,3.080701105E1,4.829554340E1,3.943629503E0,4.968301392E1,5.998066189E-1,4.000000000E0,3.105327129E0,3.800000000E1
9.214218432E1,6.505720534E1,2.560276420E1,3.112370704E1,4.861225012E1,3.913645744E0,5.652035904E1,6.039380753E-1,4.000000000E0,3.078631878E0,3.900000000E1
9.314146970E1,6.505722424E1,2.560284005E1,3.107946856E1,4.856802291E1,3.900005102E0,6.212612534E1,6.081369536E-1,4.000000000E0,3.066906452E0,4.000000000E1
9.413618070E1,6.505723896E1,2.560292251E1,3.087535075E1,4.836391576E1,3.880230427E0,5.900967789E1,6.119735918E-1,4.000000000E0,3.086514235E0,3.900000000E1
9.514738405E1,6.505725307E1,2.560299718E1,3.059323975E1,4.808181463E1,3.830410242E0,6.427849579E1,6.158698952E-1,4.000000000E0,3.115802526E0,3.800000000E1
9.614353551E1,6.505726919E1,2.560307095E1,3.050216785E1,4.799075307E1,3.793015718E0,6.214921570E1,6.198893048E-1,4.000000000E0,3.029923439E0,4.000000000E1
9.714236851E1,6.505728229E1,2.560315084E1,3.049484399E1,4.798343922E1,3.767577171E0,6.277471924E1,6.238237189E-1,4.000000000E0,3.000000000E0,4.000000000E1
9.815148262E1,6.505729814E1,2.560322585E1,3.048424193E1,4.797284753E1,3.739391804E0,5.642344284E1,6.279572916E-1,4.000000000E0,3.000000000E0,3.900000000E1
9.915926301E1,6.505732022E1,2.560329676E1,3.066713586E1,4.815575318E1,3.738330126E0,5.741605377E1,6.317165882E-1,4.000000000E0,3.000000000E0,4.000000000E1
1.001624097E2,6.505734380E1,2.560335422E1,3.075509846E1,4.824372683E1,3.738095760E0,4.607980728E1,6.351116055E-1,4.000000000E0,3.000000000E0,3.900000000E1
1.011590997E2,6.505736671E1,2.560340209E1,3.084351880E1,4.833215727E1,3.706588030E0,3.907189178E1,6.379069017E-1,4.000000000E0,3.000000000E0,4.100000000E1
1.021643429E2,6.505738783E1,2.560343442E1,3.082399003E1,4.831263684E1,3.667932749E0,3.114929008E1,6.411637867E-1,4.000000000E0,3.000000000E0,4.100000000E1
1.031505038E2,6.505741633E1,2.560345039E1,3.092770658E1,4.841636243E1,3.634850740E0,2.257141685E1,6.444757069E-1,4.000000000E0,3.000000000E0,3.700000000E1
1.041465896E2,6.505744490E1,2.560347035E1,3.096039448E1,4.844905972E1,3.605945110E0,1.492355537E1,6.473032932E-1,4.000000000E0,3.000000000E0,3.800000000E1
1.051524691E2,6.505747027E1,2.560347472E1,3.090717306E1,4.839584554E1,3.564161062E0,8.547967911E0,6.505856254E-1,4.000000000E0,3.000000000E0,3.800000000E1
1.061480854E2,6.505749978E1,2.560347506E1,3.083821014E1,4.832689068E1,3.522103071E0,6.029360771E0,6.537538452E-1,4.000000000E0,3.000000000E0,3.900000000E1
1.071447825E2,6.505752825E1,2.560347780E1,3.093534970E1,4.842403821E1,3.483501196E0,4.950183392E0,6.570419096E-1,4.000000000E0,3.000000000E0,3.800000000E1
1.081570232E2,6.505755778E1,2.560348162E1,3.090564715E1,4.839434400E1,3.448674202E0,2.956014633E0,6.603479845E-1,3.000000000E0,3.000000000E0,3.800000000E1
1.091449146E2,6.505758751E1,2.560348192E1,3.083782822E1,4.832653318E1,3.425082922E0,2.829828501E0,6.640493394E-1,3.000000000E0,3.000000000E0,4.000000000E1
1.101485062E2,6.505762075E1,2.560347760E1,3.078683413E1,4.827554779E1,3.422840118E0,1.387187600E0,6.673098815E-1,3.000000000E0,3.000000000E0,3.800000000E1
1.111460609E2,6.505764923E1,2.560346109E1,3.069602628E1,4.818474636E1,3.409973383E0,3.491804810E2,6.708343617E-1,3.000000000E0,3.000000000E0,3.800000000E1
1.121438653E2,6.505768093E1,2.560346227E1,3.073809315E1,4.822682195E1,3.405450106E0,3.490498962E2,6.745113965E-1,3.000000000E0,3.000000000E0,3.900000000E1
1.131423080E2,6.505771382E1,2.560345428E1,3.090508635E1,4.839382345E1,3.411013365E0,3.527585144E2,6.781711527E-1,3.000000000E0,3.000000000E0,4.000000000E1
1.141480610E2,6.505774661E1,2.560344747E1,3.076606243E1,4.825480791E1,3.415888548E0,3.575032959E2,6.820945057E-1,3.000000000E0,3.000000000E0,3.900000000E1
1.151525633E2,6.505778178E1,2.560344073E1,3.088019930E1,4.836895380E1,3.439288378E0,3.559088745E2,6.856616930E-1,3.000000000E0,3.000000000E0,4.100000000E1
1.161523567E2,6.505781325E1,2.560342600E1,3.037516038E1,4.786392227E1,3.449375629E0,3.546953430E2,6.891988413E-1,2.000000000E0,3.000000000E0,3.900000000E1
1.171606990E2,6.505784481E1,2.560341649E1,3.030831639E1,4.779708610E1,3.443321943E0,3.561859131E2,6.926437295E-1,3.000000000E0,3.000000000E0,4.100000000E1
1.181424689E2,6.505787548E1,2.560340612E1,3.047753548E1,4.796631271E1,3.430744171E0,3.544576111E2,6.959834894E-1,3.000000000E0,3.000000000E0,3.900000000E1
1.191515311E2,6.505790525E1,2.560339679E1,3.042091098E1,4.790969556E1,3.420268536E0,3.568504639E2,6.997625149E-1,3.000000000E0,3.000000000E0,3.900000000E1
1.201614136E2,6.505793911E1,2.560338963E1,3.111494197E1,4.860373519E1,3.430437326E0,3.535154724E2,7.037327050E-1,3.000000000E0,3.000000000E0,3.900000000E1
1.211441748E2,6.505797465E1,2.560338151E1,3.105314126E1,4.854194349E1,3.408639193E0,3.545284119E2,7.067896591E-1,4.000000000E0,3.000000000E0,3.900000000E1
1.221661200E2,6.505800039E1,2.560335867E1,3.022520496E1,4.771401238E1,3.383324623E0,3.524609070E2,7.100278676E-1,4.000000000E0,3.000000000E0,3.900000000E1
1.231443555E2,6.505802949E1,2.560336183E1,3.073503174E1,4.822384732E1,3.370478868E0,3.596886292E2,7.128592368E-1,4.000000000E0,3.000000000E0,3.900000000E1
1.241493113E2,6.505805463E1,2.560335230E1,3.063241987E1,4.812124153E1,3.350671053E0,3.545111084E2,7.158577452E-1,3.000000000E0,3.000000000E0,3.700000000E1
1.251665530E2,6.505808148E1,2.560334635E1,3.067027301E1,4.815910151E1,3.318512678E0,3.538367615E2,7.187267418E-1,3.000000000E0,3.000000000E0,3.900000000E1
1.261550468E2,6.505810703E1,2.560333783E1,3.087144721E1,4.836028198E1,3.291591167E0,3.510930481E2,7.218952590E-1,3.000000000E0,3.000000000E0,3.900000000E1
1.271513957E2,6.505813545E1,2.560334264E1,3.098248419E1,4.847132708E1,3.262959719E0,3.519309387E2,7.248652568E-1,3.000000000E0,3.000000000E0,3.900000000E1
1.281614705E2,6.505816206E1,2.560333720E1,3.091671099E1,4.840556068E1,3.236061335E0,3.555149231E2,7.279141042E-1,4.000000000E0,3.000000000E0,3.800000000E1
1.291450027E2,6.505818944E1,2.560333342E1,3.070550917E1,4.819436601E1,3.220181227E0,3.541202698E2,7.322286929E-1,4.000000000E0,3.000000000E0,3.800000000E1
1.301593563E2,6.505822790E1,2.560334557E1,3.083773568E1,4.832660396E1,3.242132187E0,3.565551453E2,7.358561998E-1,4.000000000E0,3.000000000E0,3.900000000E1
1.311481438E2,6.505826052E1,2.560334495E1,3.083318177E1,4.832205888E1,3.265899658E0,3.585734558E2,7.390541676E-1,3.000000000E0,3.000000000E0,3.800000000E1
1.321838469E2,6.505828926E1,2.560334726E1,3.102000216E1,4.850888728E1,3.281084061E0,3.597712708E2,7.426997024E-1,3.000000000E0,3.000000000E0,3.600000000E1
1.331693107E2,6.505832205E1,2.560334615E1,3.107747431E1,4.856636826E1,3.312372923E0,3.586875610E2,7.463626243E-1,3.000000000E0,3.000000000E0,3.800000000E1
1.341685334E2,6.505835459E1,2.560335828E1,3.053071937E1,4.801962314E1,3.347654343E0,3.587164917E2,7.498740517E-1,3.000000000E0,3.000000000E0,3.900000000E1
1.351418704E2,6.505838612E1,2.560335430E1,3.060509286E1,4.809400489E1,3.362798214E0,3.595739746E2,7.529940391E-1,3.000000000E0,3.000000000E0,3.900000000E1
1.361636422E2,6.505841415E1,2.560335125E1,3.066979025E1,4.815870968E1,3.366959095E0,3.599280090E2,7.563791508E-1,3.000000000E0,3.000000000E0,3.800000000E1
1.371524886E2,6.505844458E1,2.560334888E1,3.002077451E1,4.750970203E1,3.378395557E0,3.580286560E2,7.598520526E-1,3.000000000E0,3.000000000E0,4.000000000E1
1.381665687E2,6.505847579E1,2.560334597E1,3.028282210E1,4.777175788E1,3.412269831E0,3.553326111E2,7.635578244E-1,3.000000000E0,3.000000000E0,3.800000000E1
1.391596015E2,6.505850890E1,2.560333709E1,3.063159297E1,4.812053706E1,3.419970036E0,3.546190186E2,7.672045470E-1,4.000000000E0,3.000000000E0,4.000000000E1
1.401677717E2,6.505854154E1,2.560332952E1,3.093420122E1,4.842315358E1,3.441221476E0,3.578072510E2,7.707138051E-1,4.000000000E0,3.000000000E0,3.700000000E1
1.411582944E2,6.505857310E1,2.560332903E1,3.083045840E1,4.831941932E1,3.447641134E0,3.579649963E2,7.743814268E-1,4.000000000E0,3.000000000E0,3.700000000E1
1.421668970E2,6.505860599E1,2.560332300E1,3.088038459E1,4.836935398E1,3.451434851E0,3.564711914E2,7.782269687E-1,4.000000000E0,3.000000000E0,3.700000000E1
1.431577118E2,6.505864057E1,2.560332368E1,3.102872877E1,4.851770762E1,3.459495783E0,3.566729431E2,7.818638191E-1,4.000000000E0,3.000000000E0,3.900000000E1
1.441665071E2,6.505867306E1,2.560331479E1,3.097424011E1,4.846322709E1,3.470254421E0,3.529381104E2,7.851588949E-1,4.000000000E0,3.000000000E0,3.800000000E1
1.451574333E2,6.505870269E1,2.560331393E1,3.113014593E1,4.861914091E1,3.467406988E0,3.585703125E2,7.885410457E-1,4.000000000E0,3.000000000E0,3.800000000E1
1.461573091E2,6.505873311E1,2.560331364E1,3.114053463E1,4.862953786E1,3.470278502E0,3.580526428E2,7.920142676E-1,4.000000000E0,3.000000000E0,3.700000000E1
1.471623959E2,6.505876434E1,2.560331293E1,3.133319623E1,4.882220792E1,3.472638130E0,3.581039734E2,7.954949091E-1,4.000000000E0,3.000000000E0,3.600000000E1
1.481590497E2,6.505879553E1,2.560330665E1,3.149432103E1,4.898334070E1,3.487430573E0,3.540960083E2,7.988636895E-1,4.000000000E0,3.000000000E0,3.700000000E1
1.491687084E2,6.505882571E1,2.560330037E1,3.160931711E1,4.909834450E1,3.491648197E0,3.565565186E2,8.020799285E-1,4.000000000E0,3.000000000E0,3.800000000E1
1.501693948E2,6.505885457E1,2.560329586E1,3.158549648E1,4.907453136E1,3.487927675E0,3.562687683E2,8.056235757E-1,4.000000000E0,3.000000000E0,3.800000000E1
1.511745452E2,6.505888632E1,2.560328920E1,3.153185039E1,4.902089339E1,3.495199680E0,3.549457092E2,8.091610083E-1,4.000000000E0,3.000000000E0,3.700000000E1
1.521647127E2,6.505891810E1,2.560328595E1,3.125339593E1,4.874244732E1,3.499105930E0,3.561034851E2,8.128217531E-1,4.000000000E0,3.000000000E0,3.700000000E1
1.531737619E2,6.505895098E1,2.560328189E1,3.151751331E1,4.900657333E1,3.501152515E0,3.549072266E2,8.165463876E-1,4.000000000E0,3.000000000E0,3.800000000E1
1.541690216E2,6.505898445E1,2.560327908E1,3.159186546E1,4.908093437E1,3.502388239E0,3.560244446E2,8.201295140E-1,3.000000000E0,3.000000000E0,3.800000000E1
1.551548133E2,6.505901608E1,2.560326443E1,3.153362228E1,4.902269863E1,3.496904612E0,3.507920227E2,8.236434453E-1,3.000000000E0,3.000000000E0,3.600000000E1
1.561696057E2,6.505904759E1,2.560325863E1,3.188223648E1,4.937132096E1,3.488938570E0,3.561090393E2,8.269485733E-1,3.000000000E0,3.000000000E0,3.500000000E1
1.571596994E2,6.505907716E1,2.560326575E1,3.149070999E1,4.897980308E1,3.474784613E0,3.563898315E2,8.309357998E-1,3.000000000E0,3.000000000E0,3.700000000E1
1.581580301E2,6.505911292E1,2.560325962E1,3.159068904E1,4.907979137E1,3.481769800E0,3.530317688E2,8.345706359E-1,3.000000000E0,3.000000000E0,3.500000000E1
1.591714705E2,6.505914561E1,2.560326105E1,3.184654278E1,4.933565412E1,3.494902849E0,3.527163391E2,8.379058286E-1,3.000000000E0,3.000000000E0,3.800000000E1
1.601695008E2,6.505917441E1,2.560324124E1,3.207506550E1,4.956418312E1,3.490135431E0,3.511265259E2,8.408611569E-1,3.000000000E0,3.000000000E0,3.800000000E1
1.611624010E2,6.505919959E1,2.560322105E1,3.114119559E1,4.863031847E1,3.466278315E0,3.468572998E2,8.448596719E-1,3.000000000E0,3.000000000E0,3.800000000E1
1.621717101E2,6.505923529E1,2.560323134E1,3.223160446E1,4.972073787E1,3.486386538E0,3.526685791E2,8.485995094E-1,2.000000000E0,3.000000000E0,3.800000000E1
1.631566964E2,6.505926891E1,2.560322955E1,3.245433421E1,4.994347663E1,3.508367062E0,3.583746338E2,8.523254507E-1,2.000000000E0,3.000000000E0,3.700000000E1
1.641687175E2,6.505930236E1,2.560323428E1,3.244463302E1,4.993378492E1,3.526847839E0,3.585347595E2,8.559180359E-1,3.000000000E0,3.000000000E0,4.000000000E1
1.651612094E2,6.505933467E1,2.560323494E1,3.236536937E1,4.985453012E1,3.523737431E0,3.566463318E2,8.592872523E-1,3.000000000E0,3.000000000E0,3.800000000E1
1.661633495E2,6.505936476E1,2.560322644E1,3.217636395E1,4.966553222E1,3.500135183E0,3.569921875E2,8.623442229E-1,4.000000000E0,3.000000000E0,4.000000000E1
1.671696726E2,6.505939199E1,2.560321750E1,3.183173909E1,4.932091407E1,3.472501993E0,3.559312134E2,8.676291047E-1,4.000000000E0,3.000000000E0,3.500000000E1
1.681561183E2,6.505943871E1,2.560323824E1,3.453685492E1,5.202604425E1,3.505707979E0,7.086577892E0,8.712480617E-1,4.000000000E0,3.000000000E0,3.800000000E1
1.691577540E2,6.505947101E1,2.560322882E1,3.475297602E1,5.224217340E1,3.530889511E0,2.828036785E0,8.750134375E-1,4.000000000E0,3.000000000E0,3.700000000E1
1.701693720E2,6.505950444E1,2.560324157E1,3.500709517E1,5.249630266E1,3.554734707E0,3.493506908E0,8.790626109E-1,4.000000000E0,3.000000000E0,3.600000000E1
1.711602393E2,6.505954083E1,2.560323823E1,3.494900884E1,5.243822597E1,3.584481955E0,3.577395325E2,8.828586737E-1,4.000000000E0,3.000000000E0,3.700000000E1
1.721650035E2,6.505957473E1,2.560324784E1,3.461400899E1,5.210323611E1,3.608125687E0,7.765031815E0,8.867449026E-1,4.000000000E0,3.000000000E0,3.800000000E1
1.731688468E2,6.505960967E1,2.560324702E1,3.447167561E1,5.196091218E1,3.634324789E0,1.004263401E0,8.906653360E-1,3.000000000E0,3.000000000E0,3.500000000E1
1.741554180E2,6.505964438E1,2.560326177E1,3.408213828E1,5.157138546E1,3.659899712E0,9.347452164E0,8.944001943E-1,3.000000000E0,3.000000000E0,3.800000000E1
1.751775373E2,6.505967758E1,2.560327390E1,3.413773978E1,5.162699695E1,3.673337460E0,3.567986755E2,8.983442671E-1,3.000000000E0,3.000000000E0,3.600000000E1
1.761555621E2,6.505971290E1,2.560328142E1,3.390981880E1,5.139908618E1,3.695920944E0,3.592910767E2,9.024531015E-1,3.000000000E0,3.000000000E0,3.800000000E1
1.771650621E2,6.505974977E1,2.560327556E1,3.398507506E1,5.147435202E1,3.727870464E0,1.224838048E-1,9.062176158E-1,3.000000000E0,3.000000000E0,3.700000000E1
1.781688524E2,6.505978357E1,2.560328010E1,3.395958153E1,5.144886804E1,3.748187304E0,3.617937565E0,9.103767791E-1,3.000000000E0,3.000000000E0,3.600000000E1
1.791563153E2,6.505982080E1,2.560327145E1,3.394046037E1,5.142975633E1,3.776694298E0,3.597618713E2,9.145117652E-1,3.000000000E0,3.000000000E0,3.300000000E1
1.801722701E2,6.505985797E1,2.560326887E1,3.387080602E1,5.136011190E1,3.801959038E0,1.678849578E0,9.184599091E-1,3.000000000E0,3.000000000E0,3.500000000E1
1.811641620E2,6.505989297E1,2.560325464E1,3.369284204E1,5.118215632E1,3.822124004E0,1.608288288E0,9.223458781E-1,3.000000000E0,3.000000000E0,3.500000000E1
1.821834313E2,6.505992790E1,2.560325264E1,3.373179701E1,5.122112065E1,3.842039585E0,3.572131958E2,9.262869824E-1,3.000000000E0,3.000000000E0,3.500000000E1
1.831645016E2,6.505996325E1,2.560324640E1,3.352474175E1,5.101407452E1,3.862870216E0,3.563883057E2,9.300226691E-1,3.000000000E0,3.000000000E0,3.500000000E1
1.841518503E2,6.505999677E1,2.560324093E1,3.332203502E1,5.081137649E1,3.868246794E0,3.577001648E2,9.339276237E-1,3.000000000E0,3.000000000E0,3.600000000E1
1.851608111E2,6.506003157E1,2.560322975E1,3.325437379E1,5.074372386E1,3.873435736E0,3.578595886E2,9.375775354E-1,3.000000000E0,3.000000000E0,3.400000000E1
1.861715489E2,6.506006424E1,2.560322231E1,3.339300011E1,5.088235849E1,3.866245270E0,3.583078308E2,9.415319905E-1,3.000000000E0,3.000000000E0,3.700000000E1
1.871676838E2,6.506009967E1,2.560321489E1,3.326834300E1,5.075771044E1,3.866631269E0,3.555405884E2,9.453390788E-1,3.000000000E0,3.000000000E0,3.800000000E1
1.881698520E2,6.506013390E1,2.560321435E1,3.336433343E1,5.085371015E1,3.859498262E0,3.541689148E2,9.491801012E-1,3.000000000E0,3.000000000E0,3.700000000E1
1.891652155E2,6.506016819E1,2.560320446E1,3.327644840E1,5.076583368E1,3.841128349E0,6.525413990E0,9.529730757E-1,3.000000000E0,3.000000000E0,3.500000000E1
1.901539625E2,6.506020215E1,2.560321220E1,3.317885141E1,5.066824654E1,3.824894905E0,2.316015959E0,9.569032105E-1,3.000000000E0,3.000000000E0,3.500000000E1
1.911693023E2,6.506023727E1,2.560322168E1,3.329622154E1,5.078562698E1,3.814514875E0,7.313982487E0,9.606009856E-1,3.000000000E0,3.000000000E0,3.700000000E1
1.921665636E2,6.506026939E1,2.560324208E1,3.251969029E1,5.000910607E1,3.802351713E0,1.516446114E1,9.645421915E-1,3.000000000E0,3.000000000E0,3.400000000E1
1.931629808E2,6.506030368E1,2.560326332E1,3.291214049E1,5.040156726E1,3.798979759E0,1.525564289E1,9.681785985E-1,3.000000000E0,3.000000000E0,3.600000000E1
1.941689092E2,6.506033530E1,2.560328313E1,3.244632226E1,4.993575918E1,3.790131330E0,1.419963741E1,9.723090674E-1,3.000000000E0,3.000000000E0,3.600000000E1
1.951760217E2,6.506036775E1,2.560332601E1,3.246434890E1,4.995379802E1,3.796594858E0,2.793032455E1,9.763104868E-1,3.000000000E0,3.000000000E0,3.600000000E1
1.961651802E2,6.506039790E1,2.560337260E1,3.226712543E1,4.975658639E1,3.801197052E0,3.486087418E1,9.802573671E-1,3.000000000E0,3.000000000E0,3.800000000E1
1.971572783E2,6.506042268E1,2.560343287E1,3.195925885E1,4.944873127E1,3.815263748E0,4.612372589E1,9.840147241E-1,2.000000000E0,3.000000000E0,3.700000000E1
1.981709348E2,6.506044518E1,2.560349265E1,3.180888615E1,4.929836936E1,3.818002701E0,4.843593979E1,9.881390139E-1,2.000000000E0,3.000000000E0,3.700000000E1
1.991709629E2,6.506046216E1,2.560357086E1,3.177758436E1,4.926707829E1,3.834280729E0,6.257815933E1,9.920709647E-1,2.000000000E0,3.000000000E0,3.900000000E1
2.001710633E2,6.506047232E1,2.560365118E1,3.146610221E1,4.895560518E1,3.853942871E0,7.120660400E1,9.962328981E-1,2.000000000E0,3.000000000E0,3.700000000E1
2.011621903E2,6.506047841E1,2.560373877E1,3.115180154E1,4.864131301E1,3.884609699E0,7.829147339E1,1.000360701E0,2.000000000E0,3.000000000E0,4.000000000E1
2.021886442E2,6.506048454E1,2.560382559E1,3.104873047E1,4.853825039E1,3.912965775E0,8.413066864E1,1.005010580E0,3.000000000E0,3.000000000E0,3.900000000E1
2.031668378E2,6.506048458E1,2.560392477E1,3.071756649E1,4.820709416E1,3.957134008E0,8.811152649E1,1.009637150E0,3.000000000E0,3.000000000E0,3.600000000E1
2.041689571E2,6.506048075E1,2.560402302E1,3.042993860E1,4.791947290E1,4.016391754E0,9.210962677E1,1.014065829E0,3.000000000E0,3.000000000E0,3.800000000E1
2.051588331E2,6.506047651E1,2.560411694E1,3.005967041E1,4.754921089E1,4.073609829E0,9.331930542E1,1.018520944E0,3.000000000E0,3.000000000E0,3.800000000E1
2.061615622E2,6.506047166E1,2.560421126E1,2.970794745E1,4.719749398E1,4.126460075E0,9.385220337E1,1.022921968E0,2.000000000E0,3.000000000E0,3.800000000E1
2.071631540E2,6.506046775E1,2.560430467E1,2.941931868E1,4.690887145E1,4.170175552E0,9.376400757E1,1.027089537E0,2.000000000E0,3.000000000E0,3.700000000E1
2.081688929E2,6.506046912E1,2.560439349E1,2.918160753E1,4.667116761E1,4.196083069E0,8.850628662E1,1.031468904E0,2.000000000E0,3.000000000E0,3.900000000E1
2.091700084E2,6.506047822E1,2.560448437E1,2.892227752E1,4.641184717E1,4.216068268E0,7.596058655E1,1.035695680E0,2.000000000E0,3.000000000E0,3.800000000E1
2.101648308E2,6.506049567E1,2.560456445E1,2.880211125E1,4.629169188E1,4.226911545E0,6.196228027E1,1.039545773E0,2.000000000E0,3.000000000E0,3.700000000E1
2.111563548E2,6.506052098E1,2.560462048E1,2.870511276E1,4.619470464E1,4.210719109E0,4.336937714E1,1.043436678E0,2.000000000E0,3.000000000E0,3.900000000E1
2.121622163E2,6.506055123E1,2.560466220E1,2.858546026E1,4.607506360E1,4.189244270E0,3.192413330E1,1.047144739E0,2.000000000E0,3.000000000E0,3.800000000E1
2.131636423E2,6.506058339E1,2.560468318E1,2.867891537E1,4.616852906E1,4.154099941E0,1.497840881E1,1.050960882E0,2.000000000E0,3.000000000E0,3.700000000E1
2.141658151E2,6.506061756E1,2.560469076E1,2.844171057E1,4.593133411E1,4.122467041E0,4.230236053E0,1.054754989E0,2.000000000E0,3.000000000E0,3.800000000E1
2.151685722E2,6.506065066E1,2.560467114E1,2.797850078E1,4.546813177E1,4.092567444E0,3.478592529E2,1.059109489E0,2.000000000E0,3.000000000E0,3.700000000E1
2.161644775E2,6.506068947E1,2.560465881E1,2.827813729E1,4.576777784E1,4.088410378E0,3.516875916E2,1.063493554E0,2.000000000E0,3.000000000E0,3.900000000E1
2.171555132E2,6.506072848E1,2.560464528E1,2.830822181E1,4.579787188E1,4.128465652E0,3.506031799E2,1.068219875E0,2.000000000E0,3.000000000E0,3.900000000E1
2.181534408E2,6.506077058E1,2.560463139E1,2.799675074E1,4.548641114E1,4.144360065E0,3.533983154E2,1.072293131E0,3.000000000E0,3.000000000E0,3.700000000E1
2.191579068E2,6.506080657E1,2.560461515E1,2.795660624E1,4.544627514E1,4.156267166E0,3.524959412E2,1.076674121E0,3.000000000E0,3.000000000E0,3.800000000E1
2.201671325E2,6.506084542E1,2.560459965E1,2.793745652E1,4.542713474E1,4.168171406E0,3.512634277E2,1.081141157E0,3.000000000E0,3.000000000E0,4.000000000E1
2.211637456E2,6.506088492E1,2.560458226E1,2.796321958E1,4.545290716E1,4.184007645E0,3.510551453E2,1.085402935E0,3.000000000E0,3.000000000E0,3.700000000E1
2.221425965E2,6.506092313E1,2.560457523E1,2.810344405E1,4.559314145E1,4.200602531E0,3.573027039E2,1.089651046E0,3.000000000E0,3.000000000E0,3.700000000E1
2.231549789E2,6.506096131E1,2.560457175E1,2.814487544E1,4.563458292E1,4.217809677E0,3.542959290E2,1.093686230E0,3.000000000E0,3.000000000E0,3.800000000E1
2.241586593E2,6.506099748E1,2.560456469E1,2.801254792E1,4.550226466E1,4.219872475E0,3.547942200E2,1.097716443E0,3.000000000E0,3.000000000E0,4.000000000E1
2.251620693E2,6.506103283E1,2.560454578E1,2.782928891E1,4.531901377E1,4.220430374E0,3.485121155E2,1.101761951E0,3.000000000E0,3.000000000E0,3.700000000E1
2.261574840E2,6.506106915E1,2.560454040E1,2.768772224E1,4.517745653E1,4.219075203E0,3.515484009E2,1.105841057E0,3.000000000E0,3.000000000E0,3.900000000E1
2.271580462E2,6.506110519E1,2.560452423E1,2.762624839E1,4.511599120E1,4.218696117E0,3.502908020E2,1.110042687E0,3.000000000E0,3.000000000E0,3.700000000E1
2.281676674E2,6.506114291E1,2.560451888E1,2.729548413E1,4.478523676E1,4.217852592E0,3.573084412E2,1.114168331E0,3.000000000E0,3.000000000E0,3.700000000E1
2.291740573E2,6.506117949E1,2.560450417E1,2.723438674E1,4.472414815E1,4.224709034E0,3.549874268E2,1.118472552E0,3.000000000E0,3.000000000E0,3.900000000E1
2.301636252E2,6.506121819E1,2.560450239E1,2.714917134E1,4.463894311E1,4.227007866E0,3.539142151E2,1.122946278E0,3.000000000E0,3.000000000E0,3.800000000E1
2.311705295E2,6.506125770E1,2.560448431E1,2.714780270E1,4.463758378E1,4.236833096E0,3.549577026E2,1.127293940E0,3.000000000E0,3.000000000E0,3.900000000E1
2.321557971E2,6.506129658E1,2.560447466E1,2.712908971E1,4.461888059E1,4.243408680E0,3.542034302E2,1.131740254E0,3.000000000E0,3.000000000E0,3.800000000E1
2.331736451E2,6.506133616E1,2.560446116E1,2.721143789E1,4.470123846E1,4.258482456E0,3.550312195E2,1.136087438E0,3.000000000E0,3.000000000E0,3.700000000E1
2.341587930E2,6.506137510E1,2.560445284E1,2.733497399E1,4.482478448E1,4.268557549E0,3.549888306E2,1.140578540E0,2.000000000E0,3.000000000E0,3.800000000E1
2.351631606E2,6.506141518E1,2.560444106E1,2.755766197E1,4.504748242E1,4.282245636E0,3.544804077E2,1.144815661E0,2.000000000E0,3.000000000E0,3.800000000E1
2.361582031E2,6.506145302E1,2.560443029E1,2.754593633E1,4.503576621E1,4.286880493E0,3.537841187E2,1.149053298E0,2.000000000E0,3.000000000E0,3.800000000E1
2.371672678E2,6.506149092E1,2.560442084E1,2.749429459E1,4.498413402E1,4.285400391E0,3.545199585E2,1.153404634E0,2.000000000E0,3.000000000E0,3.800000000E1
2.381584077E2,6.506152987E1,2.560441184E1,2.756436306E1,4.505421237E1,4.285651684E0,3.534396362E2,1.157901909E0,2.000000000E0,3.000000000E0,3.900000000E1
2.391643835E2,6.506157018E1,2.560440419E1,2.794270121E1,4.543256086E1,4.298426151E0,3.549775391E2,1.161920011E0,2.000000000E0,3.000000000E0,3.700000000E1
2.401608684E2,6.506160487E1,2.560438021E1,2.801108254E1,4.550094975E1,4.292662144E0,3.480480957E2,1.165937141E0,2.000000000E0,3.000000000E0,3.800000000E1
2.411660400E2,6.506164025E1,2.560436288E1,2.792362095E1,4.541349643E1,4.262228012E0,3.479832458E2,1.169454287E0,3.000000000E0,3.000000000E0,3.900000000E1
2.421747364E2,6.506167102E1,2.560434550E1,2.772606807E1,4.521595055E1,4.213377953E0,3.421516418E2,1.173544980E0,3.000000000E0,3.000000000E0,3.600000000E1
2.431589074E2,6.506170749E1,2.560433406E1,2.802196958E1,4.551186108E1,4.177322865E0,3.543693542E2,1.177558189E0,3.000000000E0,3.000000000E0,3.800000000E1
2.441634005E2,6.506174329E1,2.560432320E1,2.794288672E1,4.543278710E1,4.138642788E0,3.467768555E2,1.181590895E0,3.000000000E0,3.000000000E0,3.700000000E1
2.451542697E2,6.506177892E1,2.560430707E1,2.798837359E1,4.547828238E1,4.105741024E0,3.529524536E2,1.185371430E0,3.000000000E0,3.000000000E0,3.700000000E1
2.461565886E2,6.506181231E1,2.560429188E1,2.794470564E1,4.543462232E1,4.062291622E0,3.493812256E2,1.189219146E0,3.000000000E0,3.000000000E0,3.800000000E1
2.471420129E2,6.506184516E1,2.560426610E1,2.790466091E1,4.539458453E1,4.020895004E0,3.464468689E2,1.193417210E0,3.000000000E0,3.000000000E0,3.800000000E1
2.481474728E2,6.506188095E1,2.560423758E1,2.814239399E1,4.563232513E1,3.998307467E0,3.460098572E2,1.197367383E0,3.000000000E0,3.000000000E0,3.800000000E1
2.491508341E2,6.506191516E1,2.560421492E1,2.795658228E1,4.544652096E1,3.970727205E0,3.502442627E2,1.201078648E0,3.000000000E0,3.000000000E0,3.900000000E1
2.501410331E2,6.506194813E1,2.560420262E1,2.796428096E1,4.545422764E1,3.937975407E0,3.480500488E2,1.205136889E0,3.000000000E0,3.000000000E0,3.800000000E1
2.511727239E2,6.506198264E1,2.560417441E1,2.814894834E1,4.563890222E1,3.921469927E0,3.439920654E2,1.209246296E0,3.000000000E0,3.000000000E0,3.700000000E1
2.521673198E2,6.506201874E1,2.560415562E1,2.791278468E1,4.540274692E1,3.911301136E0,3.502712708E2,1.212902628E0,3.000000000E0,3.000000000E0,3.800000000E1
2.531614941E2,6.506205020E1,2.560413294E1,2.797895105E1,4.546892009E1,3.896552801E0,3.461975098E2,1.217055181E0,3.000000000E0,3.000000000E0,3.600000000E1
2.541575078E2,6.506208724E1,2.560412178E1,2.827292244E1,4.576290068E1,3.895335674E0,3.474032898E2,1.220960752E0,3.000000000E0,3.000000000E0,3.900000000E1
2.551681238E2,6.506212115E1,2.560410003E1,2.902900831E1,4.651899408E1,3.900957823E0,3.449067078E2,1.224712399E0,3.000000000E0,3.000000000E0,3.800000000E1
2.561698946E2,6.506215449E1,2.560408775E1,2.899143345E1,4.648142734E1,3.898462772E0,3.510066528E2,1.228484795E0,3.000000000E0,3.000000000E0,3.800000000E1
2.571643145E2,6.506218746E1,2.560406877E1,2.892787967E1,4.641788105E1,3.889957190E0,3.454960938E2,1.232139662E0,3.000000000E0,3.000000000E0,3.800000000E1
2.581538749E2,6.506222000E1,2.560405778E1,2.884552796E1,4.633553733E1,3.875998259E0,3.497717896E2,1.236603640E0,3.000000000E0,3.000000000E0,3.600000000E1
2.591616703E2,6.506225952E1,2.560404111E1,2.996510592E1,4.745512476E1,3.893431425E0,3.485603027E2,1.241136160E0,3.000000000E0,3.000000000E0,3.800000000E1
2.601582021E2,6.506229970E1,2.560402470E1,2.991920287E1,4.740923135E1,3.904947281E0,3.490479736E2,1.244921175E0,3.000000000E0,3.000000000E0,3.700000000E1
2.611596342E2,6.506233287E1,2.560400658E1,3.010854753E1,4.759858364E1,3.910515785E0,3.474246216E2,1.248732170E0,3.000000000E0,3.000000000E0,3.800000000E1
2.621651290E2,6.506236661E1,2.560399241E1,3.025135712E1,4.774140130E1,3.907982111E0,3.508893738E2,1.252514992E0,3.000000000E0,3.000000000E0,3.900000000E1
2.631471766E2,6.506240027E1,2.560398061E1,3.031922023E1,4.780927266E1,3.889231682E0,3.507206116E2,1.256379191E0,3.000000000E0,3.000000000E0,3.900000000E1
2.641646395E2,6.506243497E1,2.560397600E1,3.007697815E1,4.756703965E1,3.858389616E0,3.508546448E2,1.259891887E0,3.000000000E0,3.000000000E0,3.800000000E1
2.651628880E2,6.506246595E1,2.560396134E1,2.927687876E1,4.676694755E1,3.809396267E0,3.505754395E2,1.263046381E0,4.000000000E0,3.000000000E0,3.800000000E1
2.661586163E2,6.506249408E1,2.560395279E1,2.899125168E1,4.648132746E1,3.742609024E0,3.503166199E2,1.266087965E0,4.000000000E0,3.000000000E0,3.900000000E1
2.671612341E2,6.506252051E1,2.560393602E1,2.884631693E1,4.633639861E1,3.675385475E0,3.468074646E2,1.269385523E0,4.000000000E0,3.000000000E0,3.700000000E1
2.681643162E2,6.506254890E1,2.560391567E1,2.834977080E1,4.583985863E1,3.607649565E0,3.488187866E2,1.272765355E0,4.000000000E0,3.000000000E0,3.700000000E1
2.691676647E2,6.506257833E1,2.560389773E1,2.841031385E1,4.590040831E1,3.553398371E0,3.463497009E2,1.276435538E0,4.000000000E0,3.000000000E0,3.800000000E1
2.701419120E2,6.506260954E1,2.560387222E1,2.831494484E1,4.580504583E1,3.502025604E0,3.494512634E2,1.280831618E0,4.000000000E0,3.000000000E0,3.700000000E1
2.711446855E2,6.506264804E1,2.560385091E1,2.930328928E1,4.679339910E1,3.487350941E0,3.450681763E2,1.285242789E0,4.000000000E0,3.000000000E0,3.800000000E1
2.721515477E2,6.506268686E1,2.560383158E1,2.813627954E1,4.562639844E1,3.482941628E0,3.503158875E2,1.288713821E0,4.000000000E0,3.000000000E0,3.600000000E1
2.731648732E2,6.506271712E1,2.560381332E1,2.814714227E1,4.563726800E1,3.459320068E0,3.493481750E2,1.293027355E0,4.000000000E0,3.000000000E0,3.600000000E1
2.741454590E2,6.506275552E1,2.560380030E1,2.865168642E1,4.614182159E1,3.466994762E0,3.533913574E2,1.296957740E0,4.000000000E0,3.000000000E0,3.700000000E1
2.751549270E2,6.506279075E1,2.560379350E1,2.873409443E1,4.622423865E1,3.458426714E0,3.390943298E2,1.300797990E0,4.000000000E0,3.000000000E0,3.700000000E1
2.761530617E2,6.506282491E1,2.560378145E1,2.866371755E1,4.615387014E1,3.459434509E0,3.440310974E2,1.304618871E0,4.000000000E0,3.000000000E0,3.700000000E1
2.771539276E2,6.506285762E1,2.560375649E1,2.861175480E1,4.610191438E1,3.467959642E0,3.440653992E2,1.308354767E0,4.000000000E0,3.000000000E0,3.800000000E1
2.781549108E2,6.506289071E1,2.560374264E1,2.896663612E1,4.645680364E1,3.466490746E0,3.438131104E2,1.312025194E0,4.000000000E0,3.000000000E0,3.700000000E1
2.791556775E2,6.506292199E1,2.560371763E1,2.878394809E1,4.627412221E1,3.486402988E0,3.457175598E2,1.315893349E0,4.000000000E0,3.000000000E0,3.600000000E1
2.801586550E2,6.506295413E1,2.560368607E1,2.872413893E1,4.621431938E1,3.493401527E0,3.444062805E2,1.320280364E0,4.000000000E0,3.000000000E0,3.800000000E1
2.811562280E2,6.506299168E1,2.560365738E1,2.918114454E1,4.667133301E1,3.522940874E0,3.447345276E2,1.323550264E0,4.000000000E0,3.000000000E0,3.700000000E1
2.821409770E2,6.506301974E1,2.560363653E1,2.859231422E1,4.608250874E1,3.524205685E0,3.430837402E2,1.326795690E0,4.000000000E0,3.000000000E0,3.700000000E1
2.831630590E2,6.506304772E1,2.560361681E1,2.853360941E1,4.602381004E1,3.521490574E0,3.429839478E2,1.330504848E0,4.000000000E0,3.000000000E0,3.600000000E1
2.841596181E2,6.506308018E1,2.560359856E1,2.868087471E1,4.617108278E1,3.523539305E0,3.471188660E2,1.334371594E0,4.000000000E0,3.000000000E0,3.600000000E1
2.851455853E2,6.506311348E1,2.560357484E1,2.877623053E1,4.626644585E1,3.537323713E0,3.409891968E2,1.338110420E0,4.000000000E0,3.000000000E0,3.600000000E1
2.861593519E2,6.506314545E1,2.560355011E1,2.871750799E1,4.620773013E1,3.560527325E0,3.414412842E2,1.341771578E0,4.000000000E0,3.000000000E0,3.800000000E1
2.871613852E2,6.506317699E1,2.560352771E1,2.870748143E1,4.619771045E1,3.550497055E0,3.435505676E2,1.345069045E0,4.000000000E0,3.000000000E0,3.800000000E1
2.881715732E2,6.506320605E1,2.560351366E1,2.931777728E1,4.680801313E1,3.544316530E0,3.446956787E2,1.348749290E0,4.000000000E0,3.000000000E0,3.700000000E1
2.891669634E2,6.506323841E1,2.560349722E1,2.962379126E1,4.711403467E1,3.551442862E0,3.435820312E2,1.352385113E0,4.000000000E0,3.000000000E0,3.600000000E1
2.901633281E2,6.506326972E1,2.560347488E1,2.967288190E1,4.716313213E1,3.561504126E0,3.358534241E2,1.356223874E0,4.000000000E0,3.000000000E0,3.600000000E1
2.911692051E2,6.506330162E1,2.560344354E1,2.971154589E1,4.720180242E1,3.575704575E0,3.410150757E2,1.360552286E0,4.000000000E0,3.000000000E0,3.900000000E1
2.921567464E2,6.506333689E1,2.560340446E1,3.042139238E1,4.791165554E1,3.607105970E0,3.333515930E2,1.364587085E0,4.000000000E0,3.000000000E0,3.800000000E1
2.931660901E2,6.506336912E1,2.560336493E1,3.022718848E1,4.771745741E1,3.627751350E0,3.296966553E2,1.368752931E0,3.000000000E0,3.000000000E0,3.700000000E1
2.941590876E2,6.506339634E1,2.560330388E1,3.041334488E1,4.790361660E1,3.645735502E0,3.180095520E2,1.372597877E0,3.000000000E0,3.000000000E0,3.800000000E1
2.951537640E2,6.506342058E1,2.560324539E1,3.043988685E1,4.793016073E1,3.654373646E0,3.141625977E2,1.376456094E0,3.000000000E0,3.000000000E0,3.800000000E1
2.961600384E2,6.506344075E1,2.560317843E1,3.053259318E1,4.802286748E1,3.664067268E0,3.050956421E2,1.380084275E0,3.000000000E0,3.000000000E0,4.000000000E1
2.971641631E2,6.506345504E1,2.560310886E1,3.046049774E1,4.795077066E1,3.663487673E0,3.012936707E2,1.383990691E0,3.000000000E0,3.000000000E0,3.900000000E1
2.981608815E2,6.506347235E1,2.560303634E1,3.051184739E1,4.800211953E1,3.634221554E0,2.932863770E2,1.388067118E0,3.000000000E0,3.000000000E0,3.800000000E1
2.991627899E2,6.506347931E1,2.560295097E1,3.117983368E1,4.867010125E1,3.626834631E0,2.833305969E2,1.391981503E0,3.000000000E0,3.000000000E0,3.600000000E1
3.001617369E2,6.506348356E1,2.560286809E1,3.130393691E1,4.879419937E1,3.609756947E0,2.790726318E2,1.395752075E0,3.000000000E0,3.000000000E0,3.600000000E1
3.011498171E2,6.506347961E1,2.560278821E1,3.082021689E1,4.831047223E1,3.588917494E0,2.732988586E2,1.400017186E0,4.000000000E0,3.000000000E0,3.600000000E1
3.021569142E2,6.506347286E1,2.560269865E1,3.046403681E1,4.795428352E1,3.548250914E0,2.715088501E2,1.403383425E0,4.000000000E0,3.000000000E0,3.800000000E1
3.031748067E2,6.506346619E1,2.560262861E1,2.963972219E1,4.712996178E1,3.493560314E0,2.709866028E2,1.406489416E0,4.000000000E0,3.000000000E0,3.700000000E1
3.041685555E2,6.506346009E1,2.560256396E1,2.914570937E1,4.663594239E1,3.422475576E0,2.693442078E2,1.409154021E0,4.000000000E0,3.000000000E0,3.700000000E1
3.051766659E2,6.506345092E1,2.560251145E1,2.904653115E1,4.653675770E1,3.307946682E0,2.662022095E2,1.411278770E0,4.000000000E0,3.000000000E0,3.700000000E1
3.061553499E2,6.506344518E1,2.560246822E1,2.849903551E1,4.598925722E1,3.188316822E0,2.599718018E2,1.413811899E0,4.000000000E0,3.000000000E0,3.900000000E1
3.071385679E2,6.506343645E1,2.560241831E1,2.791342210E1,4.540363765E1,3.093820095E0,2.519630280E2,1.416797071E0,4.000000000E0,3.000000000E0,3.600000000E1
3.081676301E2,6.506342507E1,2.560236065E1,2.787017362E1,4.536038169E1,3.014314175E0,2.484310608E2,1.419742247E0,4.000000000E0,3.000000000E0,3.800000000E1
3.091670561E2,6.506341378E1,2.560230382E1,2.807860579E1,4.556880647E1,2.933399439E0,2.461202393E2,1.422322137E0,6.000000000E0,3.000000000E0,3.800000000E1
3.101580794E2,6.506340269E1,2.560225547E1,2.784176790E1,4.533196189E1,2.855875254E0,2.413512421E2,1.424856619E0,6.000000000E0,3.000000000E0,3.800000000E1
3.111648524E2,6.506339115E1,2.560220886E1,2.810663132E1,4.559681863E1,2.773849249E0,2.422610168E2,1.427072632E0,6.000000000E0,3.000000000E0,3.600000000E1
3.121556522E2,6.506338221E1,2.560216660E1,2.786046600E1,4.535064766E1,2.673310041E0,2.415691681E2,1.428724506E0,6.000000000E0,3.000000000E0,3.800000000E1
3.131622760E2,6.506337752E1,2.560213317E1,2.742497535E1,4.491515320E1,2.560388803E0,2.415211792E2,1.430443108E0,6.000000000E0,3.000000000E0,3.600000000E1
3.141532723E2,6.506337337E1,2.560209786E1,2.753733776E1,4.502751180E1,2.433083296E0,2.436331177E2,1.432118192E0,6.000000000E0,3.000000000E0,3.700000000E1
3.151423094E2,6.506337274E1,2.560206216E1,2.762803494E1,4.511820610E1,2.318605900E0,2.367612915E2,1.434011676E0,6.000000000E0,3.000000000E0,3.800000000E1
3.161686718E2,6.506336576E1,2.560202532E1,2.817231558E1,4.566248204E1,2.196354389E0,2.405949097E2,1.435828797E0,6.000000000E0,3.000000000E0,3.800000000E1
3.171646089E2,6.506336239E1,2.560198739E1,2.811958389E1,4.560974655E1,2.087597370E0,2.396910095E2,1.437918889E0,6.000000000E0,3.000000000E0,3.800000000E1
3.181498884E2,6.506336090E1,2.560194295E1,2.776410868E1,4.525426757E1,1.995727062E0,2.591029663E2,1.440035683E0,6.000000000E0,3.000000000E0,3.900000000E1
3.191512347E2,6.506335700E1,2.560189876E1,2.778372755E1,4.527388202E1,1.906350613E0,2.424418488E2,1.442467410E0,6.000000000E0,3.000000000E0,3.600000000E1
3.201533855E2,6.506335179E1,2.560184838E1,2.804372134E1,4.553387057E1,1.841156840E0,2.397505951E2,1.445319753E0,6.000000000E0,3.000000000E0,3.600000000E1
3.211361233E2,6.506334941E1,2.560178780E1,2.832125099E1,4.581139497E1,1.761846423E0,2.457584229E2,1.447418690E0,6.000000000E0,3.000000000E0,3.700000000E1
3.221442525E2,6.506334513E1,2.560174420E1,2.845027355E1,4.594041305E1,1.682804823E0,2.484624481E2,1.449356198E0,6.000000000E0,3.000000000E0,3.800000000E1
3.231720985E2,6.506333958E1,2.560170502E1,2.860278895E1,4.609292397E1,1.628575325E0,2.467944336E2,1.452203230E0,6.000000000E0,3.000000000E0,3.700000000E1
3.241529526E2,6.506333704E1,2.560164459E1,2.869293097E1,4.618306071E1,1.574344873E0,2.469318237E2,1.456911788E0,6.000000000E0,3.000000000E0,3.800000000E1
3.251604965E2,6.506333743E1,2.560154416E1,3.000878506E1,4.749890729E1,1.586282015E0,2.550267029E2,1.460601209E0,6.000000000E0,3.000000000E0,3.800000000E1
3.261738123E2,6.506333646E1,2.560146550E1,3.017058833E1,4.766070433E1,1.618981719E0,2.679038391E2,1.463791932E0,6.000000000E0,3.000000000E0,3.800000000E1
3.271592179E2,6.506333301E1,2.560139793E1,3.039635697E1,4.788646690E1,1.638006568E0,2.587486572E2,1.466847348E0,6.000000000E0,3.000000000E0,3.800000000E1
3.281413953E2,6.506332868E1,2.560133357E1,3.038035788E1,4.787046174E1,1.645185828E0,2.598746948E2,1.469651518E0,6.000000000E0,3.000000000E0,3.700000000E1
3.291645762E2,6.506332630E1,2.560127402E1,3.041296185E1,4.790306054E1,1.594901800E0,2.572964478E2,1.470971017E0,6.000000000E0,3.000000000E0,3.800000000E1
3.301491307E2,6.506332331E1,2.560124679E1,3.000693782E1,4.749703363E1,1.532564163E0,2.493371735E2,1.473031136E0,6.000000000E0,3.000000000E0,3.800000000E1
3.311522525E2,6.506332020E1,2.560120347E1,2.999855919E1,4.748865087E1,1.485003829E0,2.437246246E2,1.476109309E0,6.000000000E0,3.000000000E0,3.700000000E1
3.321626983E2,6.506331295E1,2.560114010E1,3.074762766E1,4.823771255E1,1.436437368E0,2.459413452E2,1.479021459E0,6.000000000E0,3.000000000E0,3.800000000E1
3.331626873E2,6.506330708E1,2.560107956E1,3.050156463E1,4.799164331E1,1.392433524E0,2.444923553E2,1.483490903E0,6.000000000E0,3.000000000E0,3.700000000E1
3.341608885E2,6.506330746E1,2.560098423E1,3.125940260E1,4.874947415E1,1.410113454E0,2.684626465E2,1.487487797E0,6.000000000E0,3.000000000E0,3.800000000E1
3.351396470E2,6.506330389E1,2.560089940E1,3.127866494E1,4.876872908E1,1.424945951E0,2.653684387E2,1.491041873E0,6.000000000E0,3.000000000E0,3.800000000E1
3.361498308E2,6.506330047E1,2.560082403E1,3.131229247E1,4.880234995E1,1.446201563E0,2.532304993E2,1.494492274E0,6.000000000E0,3.000000000E0,3.800000000E1
3.371406376E2,6.506329502E1,2.560075157E1,3.147717622E1,4.896722671E1,1.444367170E0,2.495966949E2,1.497779450E0,6.000000000E0,3.000000000E0,3.700000000E1
3.381620423E2,6.506328709E1,2.560068402E1,3.151128283E1,4.900132602E1,1.437261462E0,2.484924774E2,1.500493397E0,6.000000000E0,3.000000000E0,3.700000000E1
3.391612914E2,6.506327761E1,2.560063068E1,3.123208779E1,4.872212434E1,1.427036166E0,2.627073364E2,1.502530978E0,6.000000000E0,3.000000000E0,3.800000000E1
3.401510960E2,6.506327335E1,2.560058841E1,3.130658152E1,4.879661369E1,1.414564729E0,2.607736816E2,1.504695272E0,6.000000000E0,3.000000000E0,3.800000000E1
3.411658082E2,6.506326791E1,2.560054408E1,3.118866654E1,4.867869385E1,1.407481670E0,2.582750244E2,1.506858243E0,6.000000000E0,3.000000000E0,3.700000000E1
3.421569446E2,6.506326371E1,2.560049904E1,3.105675382E1,4.854677656E1,1.398323298E0,2.534092560E2,1.509659342E0,6.000000000E0,3.000000000E0,3.700000000E1
3.431869208E2,6.506325680E1,2.560044158E1,3.139564735E1,4.888566383E1,1.410869837E0,2.521281586E2,1.512604455E0,6.000000000E0,3.000000000E0,3.700000000E1
3.441421146E2,6.506324886E1,2.560038164E1,3.132554530E1,4.881555506E1,1.452475786E0,2.442539368E2,1.517407536E0,6.000000000E0,3.000000000E0,3.700000000E1
3.451655498E2,6.506323948E1,2.560028164E1,3.205525032E1,4.954524991E1,1.570627451E0,2.392658386E2,1.523310040E0,6.000000000E0,3.000000000E0,3.800000000E1
3.461517543E2,6.506322896E1,2.560015823E1,3.242682848E1,4.991681581E1,1.676670194E0,2.489670410E2,1.526932559E0,6.000000000E0,3.000000000E0,3.900000000E1
3.471504654E2,6.506322048E1,2.560008363E1,3.256514198E1,5.005512132E1,1.762067080E0,2.550035248E2,1.530377514E0,6.000000000E0,3.000000000E0,3.800000000E1
3.481588631E2,6.506321673E1,2.560001068E1,3.241303355E1,4.990300632E1,1.808294058E0,2.572275696E2,1.533414617E0,6.000000000E0,3.000000000E0,3.800000000E1
3.491621134E2,6.506321135E1,2.559994717E1,3.241244232E1,4.990240879E1,1.831902504E0,2.579279175E2,1.536361023E0,6.000000000E0,3.000000000E0,3.800000000E1
3.501461480E2,6.506320436E1,2.559988655E1,3.195557481E1,4.944553475E1,1.822419643E0,2.575778809E2,1.538909554E0,6.000000000E0,3.000000000E0,3.700000000E1
3.511706841E2,6.506319990E1,2.559983323E1,3.195704948E1,4.944700415E1,1.823337674E0,2.539100189E2,1.542071991E0,6.000000000E0,3.000000000E0,3.700000000E1
3.521452055E2,6.506319532E1,2.559976666E1,3.178657377E1,4.927652212E1,1.819425464E0,2.536171570E2,1.545019582E0,6.000000000E0,3.000000000E0,3.800000000E1
3.531558146E2,6.506318963E1,2.559970525E1,3.203370867E1,4.952365079E1,1.818064213E0,2.531675720E2,1.548007565E0,6.000000000E0,3.000000000E0,3.700000000E1
3.541660361E2,6.506318183E1,2.559964426E1,3.173198365E1,4.922191899E1,1.854120612E0,2.478323822E2,1.551193299E0,6.000000000E0,3.000000000E0,3.700000000E1
3.551549987E2,6.506316820E1,2.559958449E1,3.172103482E1,4.921096187E1,1.854010940E0,2.435287018E2,1.553937781E0,6.000000000E0,3.000000000E0,3.800000000E1
3.561492852E2,6.506315945E1,2.559952975E1,3.211871110E1,4.960863159E1,1.845400810E0,2.424577026E2,1.556820214E0,6.000000000E0,3.000000000E0,3.800000000E1
3.571708675E2,6.506315165E1,2.559947112E1,3.253500814E1,5.002492203E1,1.825251818E0,2.528970947E2,1.559465617E0,6.000000000E0,3.000000000E0,3.800000000E1
3.581628736E2,6.506314560E1,2.559941654E1,3.182589135E1,4.931579942E1,1.792585373E0,2.519932251E2,1.561905459E0,6.000000000E0,3.000000000E0,3.700000000E1
3.591696275E2,6.506314060E1,2.559936587E1,3.198727075E1,4.947717360E1,1.740857840E0,2.540297089E2,1.564243914E0,6.000000000E0,3.000000000E0,3.800000000E1
3.601554858E2,6.506313936E1,2.559931608E1,3.190160935E1,4.939150807E1,1.695819855E0,2.550590363E2,1.567593822E0,6.000000000E0,3.000000000E0,3.800000000E1
3.611566097E2,6.506314327E1,2.559924523E1,3.194575691E1,4.943565133E1,1.675653934E0,2.606845093E2,1.570946170E0,6.000000000E0,3.000000000E0,3.800000000E1
3.621640546E2,6.506314335E1,2.559917372E1,3.166028662E1,4.915017563E1,1.654882908E0,2.621134644E2,1.573976693E0,6.000000000E0,3.000000000E0,3.800000000E1
3.631771516E2,6.506314862E1,2.559911030E1,3.170178194E1,4.919166758E1,1.637826204E0,2.815154419E2,1.577154748E0,6.000000000E0,3.000000000E0,3.800000000E1
3.641629730E2,6.506315693E1,2.559904544E1,3.175867608E1,4.924855907E1,1.644630551E0,2.810678101E2,1.580669493E0,6.000000000E0,3.000000000E0,3.800000000E1
3.651474877E2,6.506316617E1,2.559897375E1,3.179367911E1,4.928355921E1,1.643000484E0,2.873582153E2,1.583734347E0,6.000000000E0,3.000000000E0,3.800000000E1
3.661576814E2,6.506317400E1,2.559891107E1,3.180587464E1,4.929575213E1,1.614649177E0,2.834389954E2,1.586300619E0,6.000000000E0,3.000000000E0,3.800000000E1
3.671416960E2,6.506318082E1,2.559885877E1,3.131579906E1,4.880567445E1,1.593823314E0,2.821588745E2,1.588947579E0,6.000000000E0,3.000000000E0,3.800000000E1
3.681341092E2,6.506318519E1,2.559880327E1,3.162041934E1,4.911029173E1,1.581942439E0,2.724001465E2,1.591549301E0,6.000000000E0,3.000000000E0,3.800000000E1
3.691483007E2,6.506319231E1,2.559875040E1,3.154046026E1,4.903033060E1,1.568583965E0,2.755126343E2,1.594492481E0,6.000000000E0,3.000000000E0,3.700000000E1
3.701576110E2,6.506319971E1,2.559869013E1,3.125460811E1,4.874447592E1,1.564626098E0,2.744014282E2,1.597628733E0,6.000000000E0,3.000000000E0,3.800000000E1
3.711377614E2,6.506320599E1,2.559862491E1,3.165975398E1,4.914961856E1,1.583478332E0,2.718165588E2,1.601276843E0,6.000000000E0,3.000000000E0,3.700000000E1
3.721544698E2,6.506321297E1,2.559854888E1,3.161374976E1,4.910361049E1,1.607261539E0,2.720391235E2,1.605040843E0,6.000000000E0,3.000000000E0,3.700000000E1
3.731642948E2,6.506322072E1,2.559847072E1,3.191627786E1,4.940613479E1,1.639703512E0,2.741668396E2,1.608079495E0,6.000000000E0,3.000000000E0,3.800000000E1
3.741379165E2,6.506322732E1,2.559840783E1,3.173421308E1,4.922406706E1,1.642241478E0,2.760028076E2,1.611286408E0,6.000000000E0,3.000000000E0,3.700000000E1
3.751328833E2,6.506323638E1,2.559834289E1,3.185577726E1,4.934562882E1,1.657082200E0,2.799704895E2,1.614833169E0,6.000000000E0,3.000000000E0,3.600000000E1
3.761603118E2,6.506324351E1,2.559826915E1,3.210968649E1,4.959953442E1,1.693756700E0,2.746965332E2,1.618836589E0,6.000000000E0,3.000000000E0,3.600000000E1
3.771494278E2,6.506325019E1,2.559818524E1,3.219141843E1,4.968126183E1,1.764384508E0,2.727910461E2,1.623544007E0,6.000000000E0,3.000000000E0,3.900000000E1
3.781569121E2,6.506325979E1,2.559808744E1,3.243001949E1,4.991985812E1,1.855234265E0,2.814651794E2,1.628388805E0,6.000000000E0,3.000000000E0,3.700000000E1
3.791411570E2,6.506327188E1,2.559798816E1,3.285013097E1,5.033996541E1,1.941268206E0,2.812015381E2,1.633344699E0,6.000000000E0,3.000000000E0,3.700000000E1
3.801597183E2,6.506328137E1,2.559788487E1,3.318767366E1,5.067750289E1,2.062447548E0,2.802813416E2,1.640580376E0,6.000000000E0,3.000000000E0,3.600000000E1
3.811559801E2,6.506330139E1,2.559773802E1,3.296670617E1,5.045652978E1,2.166559458E0,2.788028564E2,1.646601807E0,6.000000000E0,3.000000000E0,3.600000000E1
3.821680779E2,6.506331507E1,2.559761375E1,3.269354400E1,5.018336198E1,2.263242722E0,2.752297363E2,1.653513801E0,6.000000000E0,3.000000000E0,3.600000000E1
3.831646191E2,6.506332125E1,2.559746704E1,3.244594668E1,4.993575524E1,2.350618839E0,2.724350891E2,1.661147800E0,6.000000000E0,3.000000000E0,3.700000000E1
3.841422205E2,6.506332730E1,2.559730484E1,3.197817587E1,4.946797380E1,2.424516678E0,2.750560608E2,1.667807031E0,6.000000000E0,3.000000000E0,3.500000000E1
3.851679319E2,6.506333330E1,2.559716351E1,3.233470332E1,4.982449219E1,2.480866671E0,2.825720520E2,1.672911160E0,6.000000000E0,3.000000000E0,3.700000000E1
3.861516893E2,6.506334260E1,2.559705690E1,3.245811224E1,4.994789560E1,2.524993896E0,2.768234558E2,1.677778611E0,6.000000000E0,3.000000000E0,3.700000000E1
3.871366606E2,6.506335524E1,2.559695749E1,3.240679626E1,4.989657559E1,2.570764303E0,2.786044006E2,1.684789913E0,6.000000000E0,3.000000000E0,3.700000000E1
3.881456322E2,6.506336708E1,2.559681060E1,3.234218299E1,4.983195447E1,2.625153542E0,2.803984070E2,1.690760048E0,6.000000000E0,3.000000000E0,3.700000000E1
3.891623120E2,6.506338460E1,2.559669023E1,3.282982620E1,5.031959341E1,2.622834682E0,2.813255005E2,1.694784794E0,6.000000000E0,3.000000000E0,3.600000000E1
3.901658237E2,6.506339492E1,2.559660794E1,3.277101172E1,5.026077555E1,2.667184591E0,2.792462463E2,1.701142515E0,6.000000000E0,3.000000000E0,3.600000000E1
3.911655055E2,6.506340106E1,2.559647311E1,3.179516845E1,4.928492377E1,2.766835928E0,2.790387573E2,1.707290985E0,6.000000000E0,3.000000000E0,3.600000000E1
3.921561141E2,6.506341629E1,2.559634704E1,3.268299962E1,5.017274961E1,2.853927612E0,2.785455322E2,1.713189174E0,6.000000000E0,3.000000000E0,3.700000000E1
3.931588871E2,6.506342410E1,2.559622260E1,3.176526664E1,4.925500938E1,2.917161942E0,2.703556213E2,1.718578489E0,6.000000000E0,3.000000000E0,3.600000000E1
3.941535521E2,6.506343366E1,2.559610990E1,3.236617326E1,4.985591012E1,2.980404139E0,2.792965088E2,1.724292819E0,6.000000000E0,3.000000000E0,3.600000000E1
3.951584828E2,6.506344605E1,2.559599161E1,3.248746713E1,4.997719846E1,3.077610493E0,2.803129578E2,1.731454866E0,6.000000000E0,3.000000000E0,3.600000000E1
3.961579105E2,6.506345956E1,2.559584223E1,3.395922931E1,5.144895308E1,3.109310389E0,2.755462646E2,1.735882930E0,6.000000000E0,3.000000000E0,3.600000000E1
3.971600616E2,6.506346455E1,2.559574853E1,3.313115101E1,5.062086908E1,3.165814161E0,2.734002075E2,1.742814844E0,6.000000000E0,3.000000000E0,3.800000000E1
3.981441198E2,6.506347552E1,2.559560297E1,3.327711882E1,5.076682892E1,3.197305679E0,2.854425964E2,1.748488373E0,6.000000000E0,3.000000000E0,3.700000000E1
3.991492636E2,6.506348667E1,2.559548488E1,3.289604946E1,5.038575371E1,3.259935379E0,2.753548279E2,1.755324199E0,6.000000000E0,3.000000000E0,3.600000000E1
4.001333947E2,6.506349522E1,2.559534048E1,3.178740055E1,4.927709626E1,3.350019217E0,2.737038574E2,1.761671445E0,6.000000000E0,3.000000000E0,3.700000000E1
4.011603050E2,6.506350491E1,2.559520706E1,3.243827544E1,4.992796375E1,3.449183226E0,2.831117249E2,1.767941036E0,4.000000000E0,3.000000000E0,3.500000000E1
4.021680488E2,6.506351942E1,2.559507783E1,3.247876515E1,4.996844771E1,3.536737680E0,2.801056824E2,1.773752152E0,4.000000000E0,3.000000000E0,3.700000000E1
4.031712613E2,6.506353313E1,2.559495822E1,3.227154509E1,4.976122243E1,3.610743284E0,2.820422058E2,1.779001438E0,4.000000000E0,3.000000000E0,3.800000000E1
4.041450364E2,6.506354441E1,2.559484949E1,3.215345472E1,4.964312697E1,3.680859804E0,2.811469727E2,1.784681862E0,4.000000000E0,3.000000000E0,3.600000000E1
4.051581969E2,6.506355753E1,2.559473239E1,3.253168173E1,5.002134878E1,3.735712051E0,2.799750061E2,1.790085790E0,4.000000000E0,3.000000000E0,3.800000000E1
4.061692583E2,6.506356587E1,2.559461883E1,3.253038484E1,5.002004562E1,3.793330193E0,2.801889648E2,1.796138786E0,4.000000000E0,3.000000000E0,3.800000000E1
4.071434834E2,6.506357334E1,2.559449094E1,3.309209623E1,5.058174942E1,3.882519245E0,2.785281677E2,1.801722820E0,4.000000000E0,3.000000000E0,3.900000000E1
4.081395997E2,6.506358050E1,2.559437305E1,3.319032129E1,5.067996756E1,3.951539278E0,2.787562866E2,1.806446306E0,4.000000000E0,3.000000000E0,3.800000000E1
4.091586521E2,6.506358832E1,2.559427401E1,3.189941772E1,4.938905869E1,3.983556986E0,2.741510315E2,1.810694701E0,4.000000000E0,3.000000000E0,3.800000000E1
4.101637526E2,6.506359385E1,2.559418434E1,3.243250549E1,4.992214122E1,3.986911058E0,2.769089661E2,1.814806735E0,4.000000000E0,3.000000000E0,3.900000000E1
4.111552183E2,6.506359832E1,2.559409728E1,3.245441963E1,4.994405003E1,3.979673862E0,2.731150818E2,1.819272695E0,4.000000000E0,3.000000000E0,3.700000000E1
4.121524904E2,6.506359291E1,2.559400288E1,3.205376999E1,4.954339174E1,3.990658998E0,2.678852234E2,1.823456095E0,4.000000000E0,3.000000000E0,3.800000000E1
4.131393894E2,6.506358997E1,2.559391392E1,3.179511240E1,4.928472659E1,3.996435881E0,2.665869446E2,1.828042885E0,4.000000000E0,3.000000000E0,3.900000000E1
4.141624284E2,6.506359407E1,2.559381656E1,3.171824881E1,4.920785679E1,3.992075920E0,2.672411194E2,1.831719539E0,4.000000000E0,3.000000000E0,3.800000000E1
4.151546996E2,6.506359730E1,2.559373851E1,3.185273893E1,4.934234190E1,3.982381105E0,2.718845520E2,1.836619129E0,4.000000000E0,3.000000000E0,3.700000000E1
4.161551910E2,6.506359611E1,2.559363404E1,3.209965700E1,4.958925174E1,3.991430759E0,2.696793213E2,1.841356161E0,4.000000000E0,3.000000000E0,3.800000000E1
4.171590014E2,6.506359548E1,2.559353301E1,3.221259700E1,4.970218393E1,4.003945351E0,2.686065369E2,1.845537422E0,4.000000000E0,3.000000000E0,3.800000000E1
4.181591861E2,6.506359428E1,2.559344387E1,3.217242329E1,4.966200313E1,4.007699490E0,2.683180542E2,1.849635185E0,4.000000000E0,3.000000000E0,3.800000000E1
4.191640984E2,6.506359371E1,2.559335647E1,3.240141982E1,4.989099289E1,3.972868204E0,2.670451660E2,1.853460593E0,4.000000000E0,3.000000000E0,3.800000000E1
4.201624048E2,6.506359220E1,2.559327495E1,3.206156712E1,4.955113360E1,3.950150728E0,2.638707275E2,1.857763472E0,4.000000000E0,3.000000000E0,3.800000000E1
4.211276643E2,6.506359079E1,2.559318323E1,3.190885311E1,4.939841226E1,3.894610882E0,2.667049561E2,1.861313174E0,4.000000000E0,3.000000000E0,3.800000000E1
4.221574377E2,6.506358912E1,2.559310761E1,3.160085683E1,4.909040980E1,3.830783367E0,2.662352905E2,1.865283422E0,4.000000000E0,3.000000000E0,3.800000000E1
4.231664582E2,6.506359091E1,2.559302303E1,3.174729241E1,4.923683948E1,3.767782927E0,2.691523743E2,1.869151034E0,4.000000000E0,3.000000000E0,3.900000000E1
4.241372342E2,6.506359537E1,2.559294121E1,3.249713649E1,4.998667863E1,3.705965757E0,2.720703735E2,1.873905531E0,4.000000000E0,3.000000000E0,3.800000000E1
4.251476776E2,6.506360030E1,2.559284048E1,3.198935647E1,4.947889237E1,3.647974253E0,2.778015747E2,1.877100801E0,4.000000000E0,3.000000000E0,3.700000000E1
4.261382996E2,6.506360713E1,2.559277427E1,3.177392259E1,4.926345540E1,3.588094473E0,2.749826965E2,1.880461849E0,4.000000000E0,3.000000000E0,3.800000000E1
4.271377479E2,6.506361420E1,2.559270457E1,3.155905796E1,4.904858747E1,3.523739815E0,2.816439819E2,1.883849892E0,4.000000000E0,3.000000000E0,3.800000000E1
4.281624543E2,6.506361987E1,2.559263356E1,3.044268450E1,4.793221024E1,3.474053144E0,2.779166260E2,1.888017720E0,4.000000000E0,3.000000000E0,3.800000000E1
4.291418874E2,6.506362517E1,2.559254555E1,2.994513851E1,4.743465909E1,3.428210974E0,2.747537842E2,1.892107452E0,4.000000000E0,3.000000000E0,3.800000000E1
4.301540248E2,6.506363155E1,2.559245964E1,3.027421505E1,4.776373092E1,3.380596638E0,2.755776672E2,1.895341649E0,4.000000000E0,3.000000000E0,3.700000000E1
4.311510592E2,6.506363640E1,2.559239162E1,3.033978434E1,4.782929643E1,3.309436560E0,2.775810852E2,1.898137730E0,4.000000000E0,3.000000000E0,3.800000000E1
4.321601590E2,6.506364260E1,2.559233382E1,2.960980067E1,4.709931013E1,3.227359772E0,2.878293762E2,1.901361317E0,4.000000000E0,3.000000000E0,3.700000000E1
4.331649952E2,6.506365177E1,2.559226859E1,2.905949435E1,4.654900145E1,3.182652235E0,2.844922180E2,1.906195892E0,6.000000000E0,3.000000000E0,3.800000000E1
4.341584868E2,6.506366713E1,2.559217211E1,2.926940497E1,4.675890910E1,3.140804768E0,2.844573669E2,1.909255071E0,6.000000000E0,3.000000000E0,3.700000000E1
4.351585258E2,6.506367420E1,2.559210905E1,2.971601671E1,4.720551806E1,3.094394445E0,2.824552002E2,1.912655399E0,6.000000000E0,3.000000000E0,3.800000000E1
4.361672751E2,6.506368445E1,2.559204071E1,3.023087127E1,4.772037034E1,3.044788837E0,2.834639282E2,1.915803688E0,6.000000000E0,3.000000000E0,3.900000000E1
4.371623592E2,6.506369161E1,2.559197574E1,3.003458615E1,4.752408232E1,3.023728609E0,2.825696106E2,1.920042400E0,6.000000000E0,3.000000000E0,3.800000000E1
4.381638330E2,6.506371041E1,2.559189709E1,3.084782128E1,4.833731680E1,2.952556849E0,2.849626160E2,1.922322816E0,6.000000000E0,3.000000000E0,3.800000000E1
4.391350957E2,6.506371749E1,2.559185143E1,3.062775073E1,4.811724479E1,2.898378611E0,2.870084839E2,1.925142947E0,6.000000000E0,3.000000000E0,3.800000000E1
4.401314870E2,6.506372854E1,2.559179729E1,3.006881692E1,4.755831000E1,2.835479498E0,2.909294128E2,1.927877102E0,6.000000000E0,3.000000000E0,3.700000000E1
4.411458431E2,6.506373519E1,2.559174114E1,2.976789142E1,4.725738213E1,2.758163452E0,2.922323608E2,1.930232452E0,6.000000000E0,3.000000000E0,3.800000000E1
4.421595529E2,6.506374244E1,2.559169393E1,2.918783402E1,4.667732320E1,2.663936377E0,2.873933411E2,1.932414389E0,6.000000000E0,3.000000000E0,3.800000000E1
4.431687500E2,6.506375203E1,2.559165332E1,2.890073176E1,4.639022058E1,2.574256420E0,2.932405701E2,1.935212726E0,6.000000000E0,3.000000000E0,3.700000000E1
4.441592591E2,6.506376634E1,2.559160422E1,2.909369476E1,4.658318389E1,2.491336107E0,2.992121277E2,1.937715349E0,6.000000000E0,3.000000000E0,3.700000000E1
4.451490873E2,6.506378117E1,2.559156407E1,2.898456383E1,4.647405411E1,2.438831091E0,3.025342407E2,1.940825733E0,6.000000000E0,3.000000000E0,3.700000000E1
4.461584154E2,6.506380027E1,2.559151560E1,2.920096055E1,4.669045254E1,2.414055824E0,3.115711060E2,1.944234880E0,6.000000000E0,3.000000000E0,3.700000000E1
4.471713907E2,6.506382247E1,2.559146545E1,2.897075629E1,4.646025076E1,2.393012285E0,3.091487122E2,1.947238915E0,6.000000000E0,3.000000000E0,3.800000000E1
4.481627121E2,6.506384445E1,2.559142819E1,2.948576841E1,4.697526625E1,2.357331991E0,3.113277588E2,1.950386028E0,6.000000000E0,3.000000000E0,3.700000000E1
4.491541901E2,6.506386674E1,2.559138681E1,2.941864574E1,4.690814674E1,2.334919453E0,3.141028748E2,1.953748866E0,6.000000000E0,3.000000000E0,3.700000000E1
4.501516928E2,6.506389105E1,2.559134413E1,2.959880256E1,4.708830718E1,2.321380377E0,3.154786072E2,1.957149156E0,6.000000000E0,3.000000000E0,3.700000000E1
4.511395224E2,6.506391552E1,2.559130065E1,2.948650560E1,4.697601384E1,2.297434092E0,3.114321289E2,1.960818799E0,6.000000000E0,3.000000000E0,3.800000000E1
4.521554351E2,6.506393581E1,2.559123892E1,2.935423502E1,4.684374432E1,2.256877422E0,3.088817139E2,1.964256654E0,6.000000000E0,3.000000000E0,3.800000000E1
4.531518606E2,6.506395594E1,2.559118326E1,2.977246041E1,4.726197119E1,2.239514351E0,3.121528320E2,1.967733601E0,6.000000000E0,3.000000000E0,3.700000000E1
4.541468684E2,6.506397821E1,2.559113120E1,2.952405700E1,4.701357013E1,2.236640930E0,3.128259583E2,1.971243210E0,6.000000000E0,3.000000000E0,3.700000000E1
4.551570089E2,6.506399700E1,2.559107103E1,2.956257933E1,4.705209323E1,2.251904964E0,3.083971558E2,1.974771813E0,6.000000000E0,3.000000000E0,3.800000000E1
4.561309831E2,6.506401515E1,2.559100930E1,2.907908413E1,4.656859849E1,2.232171297E0,3.046342163E2,1.978174025E0,6.000000000E0,3.000000000E0,3.800000000E1
4.571459934E2,6.506402867E1,2.559094420E1,2.836364811E1,4.585316138E1,2.209892035E0,2.988329163E2,1.981631817E0,6.000000000E0,3.000000000E0,3.900000000E1
4.581681140E2,6.506404407E1,2.559088011E1,2.857175101E1,4.606126380E1,2.183843613E0,2.973988647E2,1.985159546E0,6.000000000E0,3.000000000E0,3.800000000E1
4.591588970E2,6.506406092E1,2.559081636E1,2.901582412E1,4.650533687E1,2.165377378E0,3.004586487E2,1.988260162E0,6.000000000E0,3.000000000E0,3.800000000E1
4.601653841E2,6.506407824E1,2.559076452E1,2.874477115E1,4.623428488E1,2.151228666E0,2.997920532E2,1.991556740E0,6.000000000E0,3.000000000E0,3.800000000E1
4.611524574E2,6.506409215E1,2.559070242E1,2.817854571E1,4.566805869E1,2.117915392E0,2.926687012E2,1.994667825E0,8.000000000E0,3.000000000E0,3.700000000E1
4.621640739E2,6.506410178E1,2.559064012E1,2.812059013E1,4.561010115E1,2.102175236E0,2.916259155E2,2.001423561E0,8.000000000E0,3.000000000E0,3.700000000E1
4.631565523E2,6.506413134E1,2.559051421E1,2.888263267E1,4.637214255E1,2.194908857E0,2.886503296E2,2.008869449E0,8.000000000E0,3.000000000E0,3.600000000E1
4.641412050E2,6.506416868E1,2.559038238E1,2.836732940E1,4.585683992E1,2.351358414E0,2.927218628E2,2.017917409E0,8.000000000E0,3.000000000E0,3.800000000E1
4.651412419E2,6.506420549E1,2.559021025E1,2.883910368E1,4.632861166E1,2.600709915E0,2.904364319E2,2.027006243E0,6.000000000E0,3.000000000E0,3.700000000E1
4.661511274E2,6.506424129E1,2.559003596E1,2.895658566E1,4.644609066E1,2.834145069E0,2.894444275E2,2.036910018E0,6.000000000E0,3.000000000E0,3.800000000E1
4.671697555E2,6.506427778E1,2.558984324E1,2.879273697E1,4.628223781E1,3.011951208E0,2.897945862E2,2.043989980E0,6.000000000E0,3.000000000E0,3.700000000E1
4.681551699E2,6.506430487E1,2.558970657E1,2.834922083E1,4.583871908E1,3.140928745E0,2.870466003E2,2.051251335E0,6.000000000E0,3.000000000E0,3.500000000E1
4.691537341E2,6.506432446E1,2.558955882E1,2.766008665E1,4.514957935E1,3.218626976E0,2.851837463E2,2.056803471E0,6.000000000E0,3.000000000E0,3.700000000E1
4.701602986E2,6.506433294E1,2.558944210E1,2.750894519E1,4.499843153E1,3.271440744E0,2.835031433E2,2.062287976E0,6.000000000E0,3.000000000E0,3.700000000E1
4.711438233E2,6.506434102E1,2.558932669E1,2.807039694E1,4.555987690E1,3.341220617E0,2.779877930E2,2.067064949E0,6.000000000E0,3.000000000E0,3.800000000E1
4.721659794E2,6.506434733E1,2.558922590E1,2.836789967E1,4.585737386E1,3.342543364E0,2.779983826E2,2.070929457E0,6.000000000E0,3.000000000E0,3.800000000E1
4.731640202E2,6.506435032E1,2.558914377E1,2.785191944E1,4.534138831E1,3.315613985E0,2.763895874E2,2.075812698E0,6.000000000E0,3.000000000E0,3.700000000E1
4.741387362E2,6.506436112E1,2.558904280E1,2.690732976E1,4.439679412E1,3.292917252E0,2.759768677E2,2.083472743E0,6.000000000E0,3.000000000E0,3.700000000E1
4.751375694E2,6.506438584E1,2.558889029E1,2.631261841E1,4.380207834E1,3.280693769E0,2.756050720E2,2.089758787E0,6.000000000E0,3.000000000E0,3.800000000E1
4.761401000E2,6.506440434E1,2.558876358E1,2.659154979E1,4.408100546E1,3.255266428E0,2.766310120E2,2.094097537E0,6.000000000E0,3.000000000E0,3.800000000E1
4.771255045E2,6.506441600E1,2.558867526E1,2.598294754E1,4.347239990E1,3.208508253E0,2.785784912E2,2.098045630E0,6.000000000E0,3.000000000E0,3.600000000E1
4.781382685E2,6.506442698E1,2.558859517E1,2.543995476E1,4.292940423E1,3.148900747E0,2.852563782E2,2.102457570E0,6.000000000E0,3.000000000E0,3.700000000E1
4.791540255E2,6.506444201E1,2.558850807E1,2.536769172E1,4.285713892E1,3.099373341E0,2.849647522E2,2.111698249E0,6.000000000E0,3.000000000E0,3.600000000E1
4.801413321E2,6.506446765E1,2.558832057E1,2.717588619E1,4.466532663E1,3.193550587E0,2.856270142E2,2.121132786E0,6.000000000E0,3.000000000E0,3.600000000E1
4.811456551E2,6.506449088E1,2.558812702E1,2.747519438E1,4.496462692E1,3.323374271E0,2.910775146E2,2.127816595E0,6.000000000E0,3.000000000E0,3.800000000E1
4.821571614E2,6.506451347E1,2.558799489E1,2.751498165E1,4.500441070E1,3.445523262E0,2.911092529E2,2.133297342E0,6.000000000E0,3.000000000E0,3.700000000E1
4.831748427E2,6.506453845E1,2.558789411E1,2.709276153E1,4.458219014E1,3.530261517E0,2.955242920E2,2.140523969E0,6.000000000E0,3.000000000E0,3.700000000E1
4.841587938E2,6.506457072E1,2.558776031E1,2.756402418E1,4.505345195E1,3.657414198E0,3.055465088E2,2.146921242E0,6.000000000E0,3.000000000E0,3.800000000E1
4.851449040E2,6.506459835E1,2.558764061E1,2.755570110E1,4.504512777E1,3.737429142E0,3.071828308E2,2.152022953E0,6.000000000E0,3.000000000E0,3.700000000E1
4.861500260E2,6.506462552E1,2.558755291E1,2.740915079E1,4.489857864E1,3.795731306E0,3.098640137E2,2.158094550E0,6.000000000E0,3.000000000E0,3.900000000E1
4.871606536E2,6.506464708E1,2.558743391E1,2.711483695E1,4.460426203E1,3.797321796E0,3.125160828E2,2.164347871E0,6.000000000E0,3.000000000E0,3.800000000E1
4.881600383E2,6.506467347E1,2.558731612E1,2.735238702E1,4.484181080E1,3.791931868E0,3.159797058E2,2.168866297E0,6.000000000E0,3.000000000E0,3.800000000E1
4.891416985E2,6.506469922E1,2.558724157E1,2.692948235E1,4.441890790E1,3.798519850E0,3.104521179E2,2.174328222E0,4.000000000E0,3.000000000E0,3.800000000E1
4.901548006E2,6.506472984E1,2.558715046E1,2.674187260E1,4.423130006E1,3.809594393E0,3.118367920E2,2.179398221E0,4.000000000E0,3.000000000E0,3.700000000E1
4.911666627E2,6.506475573E1,2.558706144E1,2.636636889E1,4.385579708E1,3.830529928E0,3.082647095E2,2.184379771E0,4.000000000E0,3.000000000E0,3.500000000E1
4.921387293E2,6.506478266E1,2.558697652E1,2.643585982E1,4.392528935E1,3.860432148E0,3.060822449E2,2.189106858E0,4.000000000E0,3.000000000E0,3.400000000E1
4.931653355E2,6.506480755E1,2.558689477E1,2.561242363E1,4.310185415E1,3.884278774E0,3.046947327E2,2.194645387E0,4.000000000E0,3.000000000E0,3.500000000E1
4.941491064E2,6.506484065E1,2.558680649E1,2.610625043E1,4.359568380E1,3.929400682E0,3.146787720E2,2.199945629E0,4.000000000E0,3.000000000E0,3.700000000E1
4.951440008E2,6.506486528E1,2.558670969E1,2.580635127E1,4.329578444E1,3.973431110E0,3.096058655E2,2.204549880E0,4.000000000E0,3.000000000E0,3.600000000E1
4.961403280E2,6.506489492E1,2.558664110E1,2.562300716E1,4.311244366E1,4.002056599E0,3.157137756E2,2.209239994E0,4.000000000E0,3.000000000E0,3.700000000E1
4.971598025E2,6.506492186E1,2.558656411E1,2.535588540E1,4.284532386E1,4.035449505E0,3.089929810E2,2.214016287E0,3.000000000E0,3.000000000E0,3.600000000E1
4.981589655E2,6.506494797E1,2.558648322E1,2.535784888E1,4.284728875E1,4.037547112E0,3.142027588E2,2.218347885E0,3.000000000E0,3.000000000E0,3.900000000E1
4.991581650E2,6.506497554E1,2.558641794E1,2.537124199E1,4.286068487E1,4.029041290E0,3.110646667E2,2.222591185E0,3.000000000E0,3.000000000E0,3.800000000E1
5.001644318E2,6.506500112E1,2.558635076E1,2.513652406E1,4.262596924E1,4.015502453E0,3.178311157E2,2.227405070E0,4.000000000E0,3.000000000E0,3.800000000E1
5.011597341E2,6.506503493E1,2.558628663E1,2.478808703E1,4.227753709E1,4.013437748E0,3.146252136E2,2.227405070E0,4.000000000E0,3.000000000E0,3.600000000E1
5.015609940E2,6.506503493E1,2.558628663E1,2.478808703E1,4.227753709E1,4.013437748E0,3.146252136E2,2.227405070E0,4.000000000E0,3.000000000E0,3.600000000E1
5.015628864E2,6.506503493E1,2.558628663E1,2.478808703E1,4.227753709E1,4.013437748E0,3.146252136E2,2.227405070E0,4.000000000E0,3.000000000E0,3.600000000E1
5.015637950E2,6.506503493E1,2.558628663E1,2.478808703E1,4.227753709E1,4.013437748E0,3.146252136E2,2.227405070E0,4.000000000E0,3.000000000E0,3.600000000E1
5.015675643E2,6.506503493E1,2.558628663E1,2.478808703E1,4.227753709E1,4.013437748E0,3.146252136E2,2.231908849E0,4.000000000E0,3.000000000E0,3.600000000E1
5.021640499E2,6.506506373E1,2.558621908E1,2.486188256E1,4.235133581E1,4.003365040E0,3.139891663E2,2.237153746E0,4.000000000E0,3.000000000E0,3.800000000E1
5.031711813E2,6.506509797E1,2.558614213E1,2.507629268E1,4.256574999E1,4.053198338E0,3.139205933E2,2.241990453E0,4.000000000E0,3.000000000E0,3.800000000E1
5.041612864E2,6.506513186E1,2.558607746E1,2.542037769E1,4.290983987E1,4.104009151E0,3.178461609E2,2.245959427E0,3.000000000E0,3.000000000E0,3.600000000E1
5.051653993E2,6.506515853E1,2.558602119E1,2.542147294E1,4.291093856E1,4.129304409E0,3.185745850E2,2.250259416E0,3.000000000E0,3.000000000E0,3.700000000E1
5.061617573E2,6.506518613E1,2.558595694E1,2.538305969E1,4.287252843E1,4.140397549E0,3.161656494E2,2.254385092E0,3.000000000E0,3.000000000E0,3.800000000E1
5.071672779E2,6.506521261E1,2.558589530E1,2.522569280E1,4.271516452E1,4.130028248E0,3.156989441E2,2.257956823E0,3.000000000E0,3.000000000E0,3.700000000E1
5.081509299E2,6.506523418E1,2.558583884E1,2.516748083E1,4.265695452E1,4.102139473E0,3.163211670E2,2.261410592E0,3.000000000E0,3.000000000E0,3.700000000E1
5.091400430E2,6.506525415E1,2.558578241E1,2.518294959E1,4.267242480E1,4.055551529E0,3.094883118E2,2.264228706E0,3.000000000E0,3.000000000E0,3.800000000E1
5.101462050E2,6.506526878E1,2.558573332E1,2.502589378E1,4.251536953E1,3.984405518E0,3.061476746E2,2.267155030E0,3.000000000E0,3.000000000E0,3.800000000E1
5.111392983E2,6.506528554E1,2.558568519E1,2.504233175E1,4.253180872E1,3.900335789E0,3.060945435E2,2.270093850E0,3.000000000E0,3.000000000E0,3.800000000E1
5.121572761E2,6.506530101E1,2.558563436E1,2.523759314E1,4.272707076E1,3.792789936E0,3.051826477E2,2.272004928E0,3.000000000E0,3.000000000E0,4.000000000E1
5.131643005E2,6.506531068E1,2.558560066E1,2.508473951E1,4.257421739E1,3.699701786E0,3.052559204E2,2.274943296E0,3.000000000E0,3.000000000E0,3.800000000E1
5.141605179E2,6.506532453E1,2.558554728E1,2.442065688E1,4.191013476E1,3.617663145E0,3.063569641E2,2.277847336E0,3.000000000E0,3.000000000E0,3.800000000E1
5.151505805E2,6.506533755E1,2.558549358E1,2.457201499E1,4.206149261E1,3.532513857E0,3.056028137E2,2.280743603E0,3.000000000E0,3.000000000E0,4.000000000E1
5.161604639E2,6.506535045E1,2.558543991E1,2.438037261E1,4.186984993E1,3.457619667E0,3.059288330E2,2.283464454E0,3.000000000E0,3.000000000E0,3.900000000E1
5.171515606E2,6.506536584E1,2.558539477E1,2.450142469E1,4.199090307E1,3.372028589E0,3.050926514E2,2.285547352E0,3.000000000E0,3.000000000E0,4.100000000E1
5.181608389E2,6.506537772E1,2.558536042E1,2.464390450E1,4.213338373E1,3.267321110E0,3.065162659E2,2.287175295E0,3.000000000E0,3.000000000E0,3.900000000E1
5.191412857E2,6.506538490E1,2.558533016E1,2.471100666E1,4.220048571E1,3.138098240E0,3.020522461E2,2.288365875E0,3.000000000E0,3.000000000E0,4.100000000E1
5.201107663E2,6.506539203E1,2.558531121E1,2.469580414E1,4.218528382E1,2.987428188E0,3.058497009E2,2.289154575E0,2.000000000E0,3.000000000E0,3.900000000E1
5.211364435E2,6.506539533E1,2.558529632E1,2.481422896E1,4.230370849E1,2.813759804E0,3.039000244E2,2.289383592E0,2.000000000E0,3.000000000E0,3.800000000E1
5.221367907E2,6.506539620E1,2.558529188E1,2.485401664E1,4.234349608E1,1.701444149E0,3.039000854E2,NaN,2.000000000E0,3.000000000E0,4.000000000E1
